Date,Country,Confirmed
2020-01-22,Brazil,0
2020-01-23,Brazil,0
2020-01-24,Brazil,0
2020-01-25,Brazil,0
2020-01-26,Brazil,0
2020-01-27,Brazil,0
2020-01-28,Brazil,0
2020-01-29,Brazil,0
2020-01-30,Brazil,0
2020-01-31,Brazil,0
2020-02-01,Brazil,0
2020-02-02,Brazil,0
2020-02-03,Brazil,0
2020-02-04,Brazil,0
2020-02-05,Brazil,0
2020-02-06,Brazil,0
2020-02-07,Brazil,0
2020-02-08,Brazil,0
2020-02-09,Brazil,0
2020-02-10,Brazil,0
2020-02-11,Brazil,0
2020-02-12,Brazil,0
2020-02-13,Brazil,0
2020-02-14,Brazil,0
2020-02-15,Brazil,0
2020-02-16,Brazil,0
2020-02-17,Brazil,0
2020-02-18,Brazil,0
2020-02-19,Brazil,0
2020-02-20,Brazil,0
2020-02-21,Brazil,0
2020-02-22,Brazil,0
2020-02-23,Brazil,0
2020-02-24,Brazil,0
2020-02-25,Brazil,0
2020-02-26,Brazil,1
2020-02-27,Brazil,1
2020-02-28,Brazil,1
2020-02-29,Brazil,2
2020-03-01,Brazil,2
2020-03-02,Brazil,2
2020-03-03,Brazil,2
2020-03-04,Brazil,4
2020-03-05,Brazil,4
2020-03-06,Brazil,13
2020-03-07,Brazil,13
2020-03-08,Brazil,20
2020-03-09,Brazil,25
2020-03-10,Brazil,31
2020-03-11,Brazil,38
2020-03-12,Brazil,52
2020-03-13,Brazil,151
2020-03-14,Brazil,151
2020-03-15,Brazil,162
2020-03-16,Brazil,200
2020-03-17,Brazil,321
2020-03-18,Brazil,372
2020-03-19,Brazil,621
2020-03-20,Brazil,793
2020-03-21,Brazil,1021
2020-03-22,Brazil,1546
2020-03-23,Brazil,1924
2020-03-24,Brazil,2247
2020-03-25,Brazil,2554
2020-03-26,Brazil,2985
2020-03-27,Brazil,3417
2020-03-28,Brazil,3904
2020-03-29,Brazil,4256
2020-03-30,Brazil,4579
2020-03-31,Brazil,5717
2020-04-01,Brazil,6836
2020-04-02,Brazil,8044
2020-04-03,Brazil,9056
2020-04-04,Brazil,10360
2020-04-05,Brazil,11130
2020-04-06,Brazil,12161
2020-04-07,Brazil,14034
2020-04-08,Brazil,16170
2020-04-09,Brazil,18092
2020-04-10,Brazil,19638
2020-04-11,Brazil,20727
2020-04-12,Brazil,22192
2020-04-13,Brazil,23430
2020-04-14,Brazil,25262
2020-04-15,Brazil,28320
2020-04-16,Brazil,30425
2020-04-17,Brazil,33682
2020-04-18,Brazil,36658
2020-04-19,Brazil,38654
2020-04-20,Brazil,40743
2020-04-21,Brazil,43079
2020-04-22,Brazil,45757
2020-04-23,Brazil,50036
2020-04-24,Brazil,54043
2020-04-25,Brazil,59324
2020-04-26,Brazil,63100
2020-04-27,Brazil,67446
2020-04-28,Brazil,73235
2020-04-29,Brazil,79685
2020-04-30,Brazil,87187
2020-05-01,Brazil,92202
2020-05-02,Brazil,97100
2020-05-03,Brazil,101826
2020-05-04,Brazil,108620
2020-05-05,Brazil,115455
2020-05-06,Brazil,126611
2020-05-07,Brazil,135773
2020-05-08,Brazil,146894
2020-05-09,Brazil,156061
2020-05-10,Brazil,162699
2020-05-11,Brazil,169594
2020-05-12,Brazil,178214
2020-05-13,Brazil,190137
2020-05-14,Brazil,203165
2020-05-15,Brazil,220291
2020-05-16,Brazil,233511
2020-05-17,Brazil,241080
2020-05-18,Brazil,255368
2020-05-19,Brazil,271885
2020-05-20,Brazil,294624
2020-05-21,Brazil,312761
2020-05-22,Brazil,334568
2020-05-23,Brazil,351565
2020-05-24,Brazil,366033
2020-05-25,Brazil,378840
2020-05-26,Brazil,395167
2020-05-27,Brazil,415366
2020-05-28,Brazil,443703
2020-05-29,Brazil,470593
2020-05-30,Brazil,502914
2020-05-31,Brazil,516137
2020-06-01,Brazil,531286
2020-06-02,Brazil,562963
2020-06-03,Brazil,589048
2020-06-04,Brazil,621002
2020-06-05,Brazil,653103
2020-06-06,Brazil,676893
2020-06-07,Brazil,694881
2020-06-08,Brazil,712219
2020-06-09,Brazil,743917
2020-06-10,Brazil,777707
2020-06-11,Brazil,806399
2020-06-12,Brazil,830681
2020-06-13,Brazil,851911
2020-06-14,Brazil,868705
2020-06-15,Brazil,893322
2020-06-16,Brazil,930305
2020-06-17,Brazil,961230
2020-06-18,Brazil,986750
2020-06-19,Brazil,1042809
2020-06-20,Brazil,1106332
2020-06-21,Brazil,1086536
2020-06-22,Brazil,1114728
2020-06-23,Brazil,1154255
2020-06-24,Brazil,1195288
2020-06-25,Brazil,1236752
2020-06-26,Brazil,1281636
2020-06-27,Brazil,1318556
2020-06-28,Brazil,1351439
2020-06-29,Brazil,1372989
2020-06-30,Brazil,1412669
2020-07-01,Brazil,1459494
2020-07-02,Brazil,1503895
2020-07-03,Brazil,1546935
2020-07-04,Brazil,1580502
2020-07-05,Brazil,1605695
2020-07-06,Brazil,1630149
2020-07-07,Brazil,1676848
2020-07-08,Brazil,1722098
2020-07-09,Brazil,1765060
2020-07-10,Brazil,1809371
2020-07-11,Brazil,1844318
2020-07-12,Brazil,1867976
2020-07-13,Brazil,1890869
2020-07-14,Brazil,1933791
2020-07-15,Brazil,1973933
2020-07-16,Brazil,2017616
2020-07-17,Brazil,2052234
2020-07-18,Brazil,2077987
2020-07-19,Brazil,2101399
2020-07-20,Brazil,2124152
2020-07-21,Brazil,2171079
2020-07-22,Brazil,2237229
2020-07-23,Brazil,2294555
2020-07-24,Brazil,2351458
2020-07-25,Brazil,2398993
2020-07-26,Brazil,2421666
2020-07-27,Brazil,2449677
2020-07-28,Brazil,2503681
2020-07-29,Brazil,2559132
2020-07-30,Brazil,2617187
2020-07-31,Brazil,2670451
2020-08-01,Brazil,2711992
2020-08-02,Brazil,2736058
2020-08-03,Brazil,2756164
2020-08-04,Brazil,2812447
2020-08-05,Brazil,2868616
2020-08-06,Brazil,2922605
2020-08-07,Brazil,2972008
2020-08-08,Brazil,3018397
2020-08-09,Brazil,3041127
2020-08-10,Brazil,3067633
2020-08-11,Brazil,3118153
2020-08-12,Brazil,3173107
2020-08-13,Brazil,3233820
2020-08-14,Brazil,3283227
2020-08-15,Brazil,3320108
2020-08-16,Brazil,3343114
2020-08-17,Brazil,3367511
2020-08-18,Brazil,3416775
2020-08-19,Brazil,3465378
2020-08-20,Brazil,3508352
2020-08-21,Brazil,3540678
2020-08-22,Brazil,3586586
2020-08-23,Brazil,3608459
2020-08-24,Brazil,3631972
2020-08-25,Brazil,3678279
2020-08-26,Brazil,3726431
2020-08-27,Brazil,3768691
2020-08-28,Brazil,3812779
2020-08-29,Brazil,3850070
2020-08-30,Brazil,3864604
2020-08-31,Brazil,3914829
2020-09-01,Brazil,3959158
2020-09-02,Brazil,4005611
2020-09-03,Brazil,4052420
2020-09-04,Brazil,4091959
2020-09-05,Brazil,4125816
2020-09-06,Brazil,4140488
2020-09-07,Brazil,4150004
2020-09-08,Brazil,4168790
2020-09-09,Brazil,4205877
2020-09-10,Brazil,4246638
2020-09-11,Brazil,4288171
2020-09-12,Brazil,4318971
2020-09-13,Brazil,4332991
2020-09-14,Brazil,4353602
2020-09-15,Brazil,4388154
2020-09-16,Brazil,4425451
2020-09-17,Brazil,4461856
2020-09-18,Brazil,4501587
2020-09-19,Brazil,4531145
2020-09-20,Brazil,4546587
2020-09-21,Brazil,4564222
2020-09-22,Brazil,4599189
2020-09-23,Brazil,4631915
2020-09-24,Brazil,4663930
2020-09-25,Brazil,4696240
2020-09-26,Brazil,4720958
2020-09-27,Brazil,4734745
2020-09-28,Brazil,4751616
2020-09-29,Brazil,4784464
2020-09-30,Brazil,4817365
2020-10-01,Brazil,4853148
2020-10-02,Brazil,4885966
2020-10-03,Brazil,4908974
2020-10-04,Brazil,4917689
2020-10-05,Brazil,4943742
2020-10-06,Brazil,4975268
2020-10-07,Brazil,5006206
2020-10-08,Brazil,5033036
2020-10-09,Brazil,5060769
2020-10-10,Brazil,5084513
2020-10-11,Brazil,5096704
2020-10-12,Brazil,5105340
2020-10-13,Brazil,5118699
2020-10-14,Brazil,5146543
2020-10-15,Brazil,5176969
2020-10-16,Brazil,5205565
2020-10-17,Brazil,5226341
2020-10-18,Brazil,5238392
2020-10-19,Brazil,5254971
2020-10-20,Brazil,5278737
2020-10-21,Brazil,5304593
2020-10-22,Brazil,5329357
2020-10-23,Brazil,5359358
2020-10-24,Brazil,5384342
2020-10-25,Brazil,5396596
2020-10-26,Brazil,5415207
2020-10-27,Brazil,5445189
2020-10-28,Brazil,5473540
2020-10-29,Brazil,5500240
2020-10-30,Brazil,5524593
2020-10-31,Brazil,5537763
2020-11-01,Brazil,5547951
2020-11-02,Brazil,5556200
2020-11-03,Brazil,5570782
2020-11-04,Brazil,5594098
2020-11-05,Brazil,5617943
2020-11-06,Brazil,5638143
2020-11-07,Brazil,5655887
2020-11-08,Brazil,5666389
2020-11-09,Brazil,5679803
2020-11-10,Brazil,5726227
2020-11-11,Brazil,5752474
2020-11-12,Brazil,5786393
2020-11-13,Brazil,5825111
2020-11-14,Brazil,5851389
2020-11-15,Brazil,5865295
2020-11-16,Brazil,5881039
2020-11-17,Brazil,5916529
2020-11-18,Brazil,5951281
2020-11-19,Brazil,5987143
2020-11-20,Brazil,6025913
2020-11-21,Brazil,6056135
2020-11-22,Brazil,6074061
2020-11-23,Brazil,6092219
2020-11-24,Brazil,6126752
2020-11-25,Brazil,6171380
2020-11-26,Brazil,6212265
2020-11-27,Brazil,6245773
2020-11-28,Brazil,6297258
2020-11-29,Brazil,6318270
2020-11-30,Brazil,6341965
2020-12-01,Brazil,6393950
2020-12-02,Brazil,6442425
2020-12-03,Brazil,6492564
2020-12-04,Brazil,6540235
2020-12-05,Brazil,6580517
2020-12-06,Brazil,6606947
2020-12-07,Brazil,6633971
2020-12-08,Brazil,6681767
2020-12-09,Brazil,6736358
2020-12-10,Brazil,6789908
2020-12-11,Brazil,6842458
2020-12-12,Brazil,6884782
2020-12-13,Brazil,6906811
2020-12-14,Brazil,6934191
2020-12-15,Brazil,6982223
2020-12-16,Brazil,7048347
2020-12-17,Brazil,7117046
2020-12-18,Brazil,7169899
2020-12-19,Brazil,7218141
2020-12-20,Brazil,7242625
2020-12-21,Brazil,7270270
2020-12-22,Brazil,7326935
2020-12-23,Brazil,7372614
2020-12-24,Brazil,7430825
2020-12-25,Brazil,7452008
2020-12-26,Brazil,7469541
2020-12-27,Brazil,7487155
2020-12-28,Brazil,7514592
2020-12-29,Brazil,7570963
2020-12-30,Brazil,7626563
2020-12-31,Brazil,7681032
2021-01-01,Brazil,7703971
2021-01-02,Brazil,7719324
2021-01-03,Brazil,7736514
2021-01-04,Brazil,7761553
2021-01-05,Brazil,7819636
2021-01-06,Brazil,7882143
2021-01-07,Brazil,7970112
2021-01-08,Brazil,8029698
2021-01-09,Brazil,8081091
2021-01-10,Brazil,8110118
2021-01-11,Brazil,8140865
2021-01-12,Brazil,8205289
2021-01-13,Brazil,8265116
2021-01-14,Brazil,8333445
2021-01-15,Brazil,8402542
2021-01-16,Brazil,8460987
2021-01-17,Brazil,8492403
2021-01-18,Brazil,8521336
2021-01-19,Brazil,8583485
2021-01-20,Brazil,8647962
2021-01-21,Brazil,8706912
2021-01-22,Brazil,8763517
2021-01-23,Brazil,8821815
2021-01-24,Brazil,8850334
2021-01-25,Brazil,8880864
2021-01-26,Brazil,8942472
2021-01-27,Brazil,9007244
2021-01-28,Brazil,9068004
2021-01-29,Brazil,9127507
2021-01-30,Brazil,9180621
2021-01-31,Brazil,9208521
2021-02-01,Brazil,9237011
2021-02-02,Brazil,9293289
2021-02-03,Brazil,9347703
2021-02-04,Brazil,9404810
2021-02-05,Brazil,9456500
2021-02-06,Brazil,9502810
2021-02-07,Brazil,9528972
2021-02-08,Brazil,9557558
2021-02-09,Brazil,9608775
2021-02-10,Brazil,9669883
2021-02-11,Brazil,9723487
2021-02-12,Brazil,9772429
2021-02-13,Brazil,9817285
2021-02-14,Brazil,9848008
2021-02-15,Brazil,9873816
2021-02-16,Brazil,9939100
2021-02-17,Brazil,9986325
2021-02-18,Brazil,10039804
2021-02-19,Brazil,10091961
2021-02-20,Brazil,10144332
2021-02-21,Brazil,10173817
2021-02-22,Brazil,10205663
2021-02-23,Brazil,10269248
2021-02-24,Brazil,10334634
2021-02-25,Brazil,10402913
2021-02-26,Brazil,10466308
2021-02-27,Brazil,10524726
2021-02-28,Brazil,10558091
2021-03-01,Brazil,10598476
2021-03-02,Brazil,10658171
2021-03-03,Brazil,10731070
2021-03-04,Brazil,10807092
2021-03-05,Brazil,10879597
2021-03-06,Brazil,10946501
2021-03-07,Brazil,11028185
2021-03-08,Brazil,11064770
2021-03-09,Brazil,11136064
2021-03-10,Brazil,11217531
2021-03-11,Brazil,11294602
2021-03-12,Brazil,11377073
2021-03-13,Brazil,11447416
2021-03-14,Brazil,11490864
2021-03-15,Brazil,11535178
2021-03-16,Brazil,11620823
2021-03-17,Brazil,11709475
2021-03-18,Brazil,11797401
2021-03-19,Brazil,11885660
2021-03-20,Brazil,11958814
2021-03-21,Brazil,12006259
2021-03-22,Brazil,12062229
2021-03-23,Brazil,12147437
2021-03-24,Brazil,12238343
2021-03-25,Brazil,12336604
2021-03-26,Brazil,12416950
2021-03-27,Brazil,12498653
2021-03-28,Brazil,12545611
2021-03-29,Brazil,12588226
2021-03-30,Brazil,12674667
2021-03-31,Brazil,12763392
2021-04-01,Brazil,12851165
2021-04-02,Brazil,12920540
2021-04-03,Brazil,12959895
2021-04-04,Brazil,12992213
2021-04-05,Brazil,13034887
2021-04-06,Brazil,13120019
2021-04-07,Brazil,13208715
2021-04-08,Brazil,13297270
2021-04-09,Brazil,13385380
2021-04-10,Brazil,13451932
2021-04-11,Brazil,13491107
2021-04-12,Brazil,13530757
2021-04-13,Brazil,13613418
2021-04-14,Brazil,13688024
2021-04-15,Brazil,13759207
2021-04-16,Brazil,13843594
2021-04-17,Brazil,13912159
2021-04-18,Brazil,13950997
2021-04-19,Brazil,13987519
2021-04-20,Brazil,14060162
2021-04-21,Brazil,14134150
2021-04-22,Brazil,14182258
2021-04-23,Brazil,14251539
2021-04-24,Brazil,14315320
2021-04-25,Brazil,14348961
2021-04-26,Brazil,14381359
2021-04-27,Brazil,14457203
2021-04-28,Brazil,14534482
2021-04-29,Brazil,14603096
2021-04-30,Brazil,14675104
2021-05-01,Brazil,14733396
2021-05-02,Brazil,14762684
2021-05-03,Brazil,14801673
2021-05-04,Brazil,14871208
2021-05-05,Brazil,14947580
2021-05-06,Brazil,15019870
2021-05-07,Brazil,15096714
2021-05-08,Brazil,15158475
2021-05-09,Brazil,15191195
2021-05-10,Brazil,15227496
2021-05-11,Brazil,15297602
2021-05-12,Brazil,15373850
2021-05-13,Brazil,15453880
2021-05-14,Brazil,15531794
2021-05-15,Brazil,15599145
2021-05-16,Brazil,15636709
2021-05-17,Brazil,15672307
2021-05-18,Brazil,15747112
2021-05-19,Brazil,15827375
2021-05-20,Brazil,15910762
2021-05-21,Brazil,15987393
2021-05-22,Brazil,16055289
2021-05-23,Brazil,16093784
2021-05-24,Brazil,16131264
2021-05-25,Brazil,16205305
2021-05-26,Brazil,16285550
2021-05-27,Brazil,16350081
2021-05-28,Brazil,16403969
2021-05-29,Brazil,16479832
2021-05-30,Brazil,16521281
2021-05-31,Brazil,16557888
2021-06-01,Brazil,16636801
2021-06-02,Brazil,16733079
2021-06-03,Brazil,16809146
2021-06-04,Brazil,16852317
2021-06-05,Brazil,16913984
2021-06-06,Brazil,16954327
2021-06-07,Brazil,16994043
2021-06-08,Brazil,17049756
2021-06-09,Brazil,17134623
2021-06-10,Brazil,17225867
2021-06-11,Brazil,17312179
2021-06-12,Brazil,17385952
2021-06-13,Brazil,17422936
2021-06-14,Brazil,17465628
2021-06-15,Brazil,17552769
2021-06-16,Brazil,17639297
2021-06-17,Brazil,17715789
2021-06-18,Brazil,17811233
2021-06-19,Brazil,17889167
2021-06-20,Brazil,17933754
2021-06-21,Brazil,17979164
2021-06-22,Brazil,18103412
2021-06-23,Brazil,18180808
2021-06-24,Brazil,18257432
2021-06-25,Brazil,18332493
2021-06-26,Brazil,18393158
2021-06-27,Brazil,18425138
2021-06-28,Brazil,18457197
2021-06-29,Brazil,18523153
2021-06-30,Brazil,18570296
2021-07-01,Brazil,18631426
2021-07-02,Brazil,18694998
2021-07-03,Brazil,18748731
2021-07-04,Brazil,18774193
2021-07-05,Brazil,18802128
2021-07-06,Brazil,18863811
2021-07-07,Brazil,18917978
2021-07-08,Brazil,18972125
2021-07-09,Brazil,19030577
2021-07-10,Brazil,19074698
2021-07-11,Brazil,19093845
2021-07-12,Brazil,19113078
2021-07-13,Brazil,19161644
2021-07-14,Brazil,19217741
2021-07-15,Brazil,19272139
2021-07-16,Brazil,19315054
2021-07-17,Brazil,19364084
2021-07-18,Brazil,19380831
2021-07-19,Brazil,19397587
2021-07-20,Brazil,19428736
2021-07-21,Brazil,19484572
2021-07-22,Brazil,19533253
2021-07-23,Brazil,19640373
2021-07-24,Brazil,19675021
2021-07-25,Brazil,19693277
2021-07-26,Brazil,19714719
2021-07-27,Brazil,19758310
2021-07-28,Brazil,19805359
2021-07-29,Brazil,19846680
2021-07-30,Brazil,19887058
2021-07-31,Brazil,19922146
2021-08-01,Brazil,19942499
2021-08-02,Brazil,19961374
2021-08-03,Brazil,19993870
2021-08-04,Brazil,20034407
2021-08-05,Brazil,20073891
2021-08-06,Brazil,20116562
2021-08-07,Brazil,20156095
2021-08-08,Brazil,20169989
2021-08-09,Brazil,20185531
2021-08-10,Brazil,20220993
2021-08-11,Brazil,20256436
2021-08-12,Brazil,20292294
2021-08-13,Brazil,20325289
2021-08-14,Brazil,20354591
2021-08-15,Brazil,20368358
2021-08-16,Brazil,20386548
2021-08-17,Brazil,20425554
2021-08-18,Brazil,20465725
2021-08-19,Brazil,20501738
2021-08-20,Brazil,20535951
2021-08-21,Brazil,20561273
2021-08-22,Brazil,20575218
2021-08-23,Brazil,20590872
2021-08-24,Brazil,20622681
2021-08-25,Brazil,20652660
2021-08-26,Brazil,20683583
2021-08-27,Brazil,20711339
2021-08-28,Brazil,20734286
2021-08-29,Brazil,20745549
2021-08-30,Brazil,20758350
2021-08-31,Brazil,20785196
2021-09-01,Brazil,20810944
2021-09-02,Brazil,20837967
2021-09-03,Brazil,20861571
2021-09-04,Brazil,20881896
2021-09-05,Brazil,20894557
2021-09-06,Brazil,20904729
2021-09-07,Brazil,20918333
2021-09-08,Brazil,20932515
2021-09-09,Brazil,20965338
2021-09-10,Brazil,20981793
2021-09-11,Brazil,20995555
2021-09-12,Brazil,21003416
2021-09-13,Brazil,21012064
2021-09-14,Brazil,21025635
2021-09-15,Brazil,21038911
2021-09-16,Brazil,21074358
2021-09-17,Brazil,21109695
2021-09-18,Brazil,21234573
2021-09-19,Brazil,21243748
2021-09-20,Brazil,21253033
2021-09-21,Brazil,21268413
2021-09-22,Brazil,21300996
2021-09-23,Brazil,21325913
2021-09-24,Brazil,21344578
2021-09-25,Brazil,21358441
2021-09-26,Brazil,21367297
2021-09-27,Brazil,21376642
2021-09-28,Brazil,21393526
2021-09-29,Brazil,21410411
2021-09-30,Brazil,21432362
2021-10-01,Brazil,21450424
2021-10-02,Brazil,21462810
2021-10-03,Brazil,21471963
2021-10-04,Brazil,21483481
2021-10-05,Brazil,21505626
2021-10-06,Brazil,21524172
2021-10-07,Brazil,21538788
2021-10-08,Brazil,21557323
2021-10-09,Brazil,21572127
2021-10-10,Brazil,21580539
2021-10-11,Brazil,21587532
2021-10-12,Brazil,21594887
2021-10-13,Brazil,21603259
2021-10-14,Brazil,21618491
2021-10-15,Brazil,21632789
2021-10-16,Brazil,21642550
2021-10-17,Brazil,21648735
2021-10-18,Brazil,21658054
2021-10-19,Brazil,21671287
2021-10-20,Brazil,21686995
2021-10-21,Brazil,21703981
2021-10-22,Brazil,21717379
2021-10-23,Brazil,21729284
2021-10-24,Brazil,21733820
2021-10-25,Brazil,21741647
2021-10-26,Brazil,21754992
2021-10-27,Brazil,21772116
2021-10-28,Brazil,21785802
2021-10-29,Brazil,21798483
2021-10-30,Brazil,21808495
2021-10-31,Brazil,21814625
2021-11-01,Brazil,21819251
2021-11-02,Brazil,21825169
2021-11-03,Brazil,21841479
2021-11-04,Brazil,21854726
2021-11-05,Brazil,21867724
2021-11-06,Brazil,21878897
2021-11-07,Brazil,21884558
2021-11-08,Brazil,21891439
2021-11-09,Brazil,21903249
2021-11-10,Brazil,21918229
2021-11-11,Brazil,21933767
2021-11-12,Brazil,21948366
2021-11-13,Brazil,21957724
2021-11-14,Brazil,21962026
2021-11-15,Brazil,21964769
2021-11-16,Brazil,21971337
2021-11-17,Brazil,21984449
2021-11-18,Brazil,21995851
2021-11-19,Brazil,22008224
2021-11-20,Brazil,22016439
2021-11-21,Brazil,22021527
2021-11-22,Brazil,22025668
2021-11-23,Brazil,22038108
2021-11-24,Brazil,22050362
2021-11-25,Brazil,22062645
2021-11-26,Brazil,22073524
2021-11-27,Brazil,22081833
2021-11-28,Brazil,22085369
2021-11-29,Brazil,22089858
2021-11-30,Brazil,22100143
2021-12-01,Brazil,22112425
2021-12-02,Brazil,22124356
2021-12-03,Brazil,22134978
2021-12-04,Brazil,22142385
2021-12-05,Brazil,22147078
2021-12-06,Brazil,22153095
2021-12-07,Brazil,22163231
2021-12-08,Brazil,22173363
2021-12-09,Brazil,22182116
2021-12-10,Brazil,22189181
2021-12-11,Brazil,22191865
2021-12-12,Brazil,22193480
2021-12-13,Brazil,22196250
2021-12-14,Brazil,22200629
2021-12-15,Brazil,22205707
2021-12-16,Brazil,22209368
2021-12-17,Brazil,22213731
2021-12-18,Brazil,22216112
2021-12-19,Brazil,22217570
2021-12-20,Brazil,22220209
2021-12-21,Brazil,22223943
2021-12-22,Brazil,22227169
2021-12-23,Brazil,22230943
2021-12-24,Brazil,22234623
2021-12-25,Brazil,22238297
2021-12-26,Brazil,22243266
2021-12-27,Brazil,22250218
2021-12-28,Brazil,22259270
2021-12-29,Brazil,22269031
2021-12-30,Brazil,22281649
2021-12-31,Brazil,22291839
2022-01-01,Brazil,22295621
2022-01-02,Brazil,22297427
2022-01-03,Brazil,22309081
2022-01-04,Brazil,22328252
2022-01-05,Brazil,22351104
2022-01-06,Brazil,22386930
2022-01-07,Brazil,22450222
2022-01-08,Brazil,22499525
2022-01-09,Brazil,22529183
2022-01-10,Brazil,22563104
2022-01-11,Brazil,22636359
2022-01-12,Brazil,22724232
2022-01-13,Brazil,22822177
2022-01-14,Brazil,22933289
2022-01-15,Brazil,22981851
2022-01-16,Brazil,23015128
2022-01-17,Brazil,23089509
2022-01-18,Brazil,23229851
2022-01-19,Brazil,23425392
2022-01-20,Brazil,23595178
2022-01-21,Brazil,23766499
2022-01-22,Brazil,23931609
2022-01-23,Brazil,24054405
2022-01-24,Brazil,24142032
2022-01-25,Brazil,24342322
2022-01-26,Brazil,24560093
2022-01-27,Brazil,24789795
2022-01-28,Brazil,25050601
2022-01-29,Brazil,25256198
2022-01-30,Brazil,25360647
2022-01-31,Brazil,25463530
2022-02-01,Brazil,25634781
2022-02-02,Brazil,25820745
2022-02-03,Brazil,26107894
2022-02-04,Brazil,26326454
2022-02-05,Brazil,26484546
2022-02-06,Brazil,26546399
2022-02-07,Brazil,26616014
2022-02-08,Brazil,26793497
2022-02-09,Brazil,26972914
2022-02-10,Brazil,27135550
2022-02-11,Brazil,27299336
2022-02-12,Brazil,27434286
2022-02-13,Brazil,27492904
2022-02-14,Brazil,27552267
2022-02-15,Brazil,27677468
2022-02-16,Brazil,27819996
2022-02-17,Brazil,27940119
2022-02-18,Brazil,28072238
2022-02-19,Brazil,28177367
2022-02-20,Brazil,28218180
2022-02-21,Brazil,28258458
2022-02-22,Brazil,28361951
2022-02-23,Brazil,28493336
2022-02-24,Brazil,28589235
2022-02-25,Brazil,28679671
2022-02-26,Brazil,28749552
2022-02-27,Brazil,28776794
2022-02-28,Brazil,28796571
2022-03-01,Brazil,28818850
2022-03-02,Brazil,28846495
2022-03-03,Brazil,28906672
2022-03-04,Brazil,28978052
2022-03-05,Brazil,29040800
2022-03-06,Brazil,29056525
2022-03-07,Brazil,29077831
2022-03-08,Brazil,29152318
2022-03-09,Brazil,29198101
2022-03-10,Brazil,29259206
2022-03-11,Brazil,29313228
2022-03-12,Brazil,29361024
2022-03-13,Brazil,29374833
2022-03-14,Brazil,29391345
2022-03-15,Brazil,29441039
2022-03-16,Brazil,29488777
2022-03-17,Brazil,29532810
2022-03-18,Brazil,29584800
2022-03-19,Brazil,29624435
2022-03-20,Brazil,29637814
2022-03-21,Brazil,29650082
2022-03-22,Brazil,29691641
2022-03-23,Brazil,29738362
2022-03-24,Brazil,29775568
2022-03-25,Brazil,29809769
2022-03-26,Brazil,29839103
2022-03-27,Brazil,29849740
2022-03-28,Brazil,29857641
2022-03-29,Brazil,29887191
2022-03-30,Brazil,29920604
2022-03-31,Brazil,29951670
2022-04-01,Brazil,29978513
2022-04-02,Brazil,29995575
2022-04-03,Brazil,30002785
2022-04-04,Brazil,30015357
2022-04-05,Brazil,30042272
2022-04-06,Brazil,30069094
2022-04-07,Brazil,30095328
2022-04-08,Brazil,30125540
2022-04-09,Brazil,30146769
2022-04-10,Brazil,30153979
2022-04-11,Brazil,30161909
2022-04-12,Brazil,30184286
2022-04-13,Brazil,30210934
2022-04-14,Brazil,30234024
2022-04-15,Brazil,30247302
2022-04-16,Brazil,30250077
2020-01-22,France,0
2020-01-23,France,0
2020-01-24,France,2
2020-01-25,France,3
2020-01-26,France,3
2020-01-27,France,3
2020-01-28,France,4
2020-01-29,France,5
2020-01-30,France,5
2020-01-31,France,5
2020-02-01,France,6
2020-02-02,France,6
2020-02-03,France,6
2020-02-04,France,6
2020-02-05,France,6
2020-02-06,France,6
2020-02-07,France,6
2020-02-08,France,11
2020-02-09,France,11
2020-02-10,France,11
2020-02-11,France,11
2020-02-12,France,11
2020-02-13,France,11
2020-02-14,France,11
2020-02-15,France,12
2020-02-16,France,12
2020-02-17,France,12
2020-02-18,France,12
2020-02-19,France,12
2020-02-20,France,12
2020-02-21,France,12
2020-02-22,France,12
2020-02-23,France,12
2020-02-24,France,12
2020-02-25,France,14
2020-02-26,France,18
2020-02-27,France,38
2020-02-28,France,57
2020-02-29,France,100
2020-03-01,France,130
2020-03-02,France,191
2020-03-03,France,212
2020-03-04,France,288
2020-03-05,France,426
2020-03-06,France,616
2020-03-07,France,948
2020-03-08,France,1125
2020-03-09,France,1411
2020-03-10,France,1783
2020-03-11,France,2293
2020-03-12,France,2293
2020-03-13,France,3681
2020-03-14,France,4496
2020-03-15,France,4532
2020-03-16,France,6683
2020-03-17,France,7715
2020-03-18,France,9124
2020-03-19,France,10970
2020-03-20,France,12758
2020-03-21,France,14463
2020-03-22,France,16761
2020-03-23,France,20120
2020-03-24,France,22372
2020-03-25,France,25331
2020-03-26,France,29252
2020-03-27,France,33045
2020-03-28,France,37693
2020-03-29,France,40296
2020-03-30,France,44645
2020-03-31,France,52281
2020-04-01,France,57125
2020-04-02,France,59227
2020-04-03,France,64452
2020-04-04,France,47376
2020-04-05,France,48225
2020-04-06,France,50884
2020-04-07,France,47395
2020-04-08,France,51250
2020-04-09,France,55034
2020-04-10,France,56600
2020-04-11,France,58045
2020-04-12,France,108792
2020-04-13,France,111933
2020-04-14,France,129381
2020-04-15,France,132588
2020-04-16,France,145166
2020-04-17,France,147057
2020-04-18,France,150861
2020-04-19,France,151955
2020-04-20,France,154402
2020-04-21,France,157068
2020-04-22,France,158867
2020-04-23,France,157158
2020-04-24,France,159969
2020-04-25,France,161647
2020-04-26,France,162280
2020-04-27,France,165966
2020-04-28,France,169098
2020-04-29,France,167643
2020-04-30,France,168861
2020-05-01,France,169387
2020-05-02,France,170179
2020-05-03,France,170540
2020-05-04,France,171102
2020-05-05,France,172219
2020-05-06,France,176355
2020-05-07,France,177096
2020-05-08,France,177627
2020-05-09,France,178155
2020-05-10,France,178404
2020-05-11,France,178719
2020-05-12,France,179472
2020-05-13,France,179993
2020-05-14,France,180635
2020-05-15,France,181148
2020-05-16,France,181563
2020-05-17,France,181703
2020-05-18,France,182147
2020-05-19,France,182648
2020-05-20,France,183129
2020-05-21,France,183396
2020-05-22,France,184152
2020-05-23,France,184698
2020-05-24,France,184259
2020-05-25,France,184584
2020-05-26,France,184839
2020-05-27,France,185012
2020-05-28,France,188355
2020-05-29,France,188949
2020-05-30,France,190743
2020-05-31,France,190975
2020-06-01,France,191382
2020-06-02,France,190735
2020-06-03,France,187509
2020-06-04,France,191869
2020-06-05,France,192450
2020-06-06,France,193022
2020-06-07,France,193363
2020-06-08,France,193637
2020-06-09,France,194190
2020-06-10,France,194815
2020-06-11,France,195179
2020-06-12,France,195980
2020-06-13,France,196477
2020-06-14,France,196867
2020-06-15,France,197003
2020-06-16,France,197666
2020-06-17,France,198155
2020-06-18,France,198741
2020-06-19,France,199528
2020-06-20,France,200147
2020-06-21,France,200490
2020-06-22,France,200632
2020-06-23,France,201330
2020-06-24,France,201598
2020-06-25,France,201853
2020-06-26,France,203116
2020-06-27,France,203564
2020-06-28,France,203157
2020-06-29,France,203802
2020-06-30,France,204244
2020-07-01,France,205234
2020-07-02,France,205773
2020-07-03,France,206312
2020-07-04,France,206670
2020-07-05,France,206682
2020-07-06,France,207700
2020-07-07,France,208154
2020-07-08,France,208976
2020-07-09,France,209420
2020-07-10,France,210135
2020-07-11,France,210386
2020-07-12,France,210402
2020-07-13,France,211825
2020-07-14,France,211887
2020-07-15,France,212614
2020-07-16,France,213183
2020-07-17,France,214009
2020-07-18,France,214174
2020-07-19,France,214178
2020-07-20,France,216089
2020-07-21,France,216684
2020-07-22,France,217605
2020-07-23,France,218841
2020-07-24,France,219932
2020-07-25,France,220016
2020-07-26,France,220020
2020-07-27,France,222508
2020-07-28,France,223072
2020-07-29,France,224542
2020-07-30,France,225936
2020-07-31,France,227239
2020-08-01,France,227301
2020-08-02,France,227304
2020-08-03,France,230665
2020-08-04,France,231636
2020-08-05,France,233344
2020-08-06,France,234945
2020-08-07,France,237332
2020-08-08,France,237402
2020-08-09,France,237408
2020-08-10,France,242168
2020-08-11,France,243576
2020-08-12,France,246180
2020-08-13,France,248850
2020-08-14,France,251764
2020-08-15,France,254974
2020-08-16,France,257994
2020-08-17,France,258629
2020-08-18,France,260748
2020-08-19,France,264535
2020-08-20,France,269335
2020-08-21,France,274289
2020-08-22,France,277763
2020-08-23,France,282498
2020-08-24,France,284474
2020-08-25,France,288067
2020-08-26,France,288354
2020-08-27,France,299580
2020-08-28,France,307205
2020-08-29,France,312665
2020-08-30,France,318047
2020-08-31,France,321160
2020-09-01,France,326264
2020-09-02,France,333351
2020-09-03,France,340473
2020-09-04,France,349333
2020-09-05,France,357927
2020-09-06,France,364943
2020-09-07,France,369209
2020-09-08,France,375947
2020-09-09,France,384546
2020-09-10,France,394308
2020-09-11,France,403837
2020-09-12,France,415174
2020-09-13,France,421519
2020-09-14,France,427839
2020-09-15,France,435665
2020-09-16,France,445932
2020-09-17,France,456171
2020-09-18,France,469404
2020-09-19,France,482964
2020-09-20,France,493500
2020-09-21,France,499039
2020-09-22,France,509123
2020-09-23,France,522355
2020-09-24,France,538264
2020-09-25,France,554368
2020-09-26,France,568588
2020-09-27,France,579223
2020-09-28,France,583522
2020-09-29,France,591527
2020-09-30,France,605893
2020-10-01,France,618918
2020-10-02,France,631354
2020-10-03,France,647868
2020-10-04,France,660372
2020-10-05,France,666011
2020-10-06,France,677321
2020-10-07,France,696274
2020-10-08,France,713676
2020-10-09,France,734707
2020-10-10,France,761384
2020-10-11,France,777378
2020-10-12,France,786590
2020-10-13,France,800216
2020-10-14,France,823181
2020-10-15,France,852938
2020-10-16,France,878572
2020-10-17,France,910711
2020-10-18,France,940548
2020-10-19,France,954838
2020-10-20,France,975214
2020-10-21,France,1002624
2020-10-22,France,1043437
2020-10-23,France,1086286
2020-10-24,France,1131551
2020-10-25,France,1138167
2020-10-26,France,1211177
2020-10-27,France,1245635
2020-10-28,France,1283185
2020-10-29,France,1329821
2020-10-30,France,1379295
2020-10-31,France,1414396
2020-11-01,France,1460575
2020-11-02,France,1566666
2020-11-03,France,1639267
2020-11-04,France,1593146
2020-11-05,France,1650966
2020-11-06,France,1711918
2020-11-07,France,1798573
2020-11-08,France,1837135
2020-11-09,France,1858559
2020-11-10,France,1881172
2020-11-11,France,1917578
2020-11-12,France,1950136
2020-11-13,France,1974271
2020-11-14,France,2006228
2020-11-15,France,2033420
2020-11-16,France,2043470
2020-11-17,France,2089073
2020-11-18,France,2117917
2020-11-19,France,2138706
2020-11-20,France,2161970
2020-11-21,France,2179640
2020-11-22,France,2192770
2020-11-23,France,2197832
2020-11-24,France,2207753
2020-11-25,France,2224508
2020-11-26,France,2237509
2020-11-27,France,2250283
2020-11-28,France,2262760
2020-11-29,France,2272523
2020-11-30,France,2276830
2020-12-01,France,2285273
2020-12-02,France,2299501
2020-12-03,France,2312288
2020-12-04,France,2323799
2020-12-05,France,2336681
2020-12-06,France,2347630
2020-12-07,France,2351041
2020-12-08,France,2365085
2020-12-09,France,2379760
2020-12-10,France,2393632
2020-12-11,France,2407121
2020-12-12,France,2421068
2020-12-13,France,2432601
2020-12-14,France,2435793
2020-12-15,France,2447518
2020-12-16,France,2465238
2020-12-17,France,2483636
2020-12-18,France,2499511
2020-12-19,France,2516939
2020-12-20,France,2529797
2020-12-21,France,2535757
2020-12-22,France,2547618
2020-12-23,France,2562604
2020-12-24,France,2584322
2020-12-25,France,2604584
2020-12-26,France,2607677
2020-12-27,France,2616544
2020-12-28,France,2619650
2020-12-29,France,2631144
2020-12-30,France,2657658
2020-12-31,France,2677660
2021-01-01,France,2697018
2021-01-02,France,2700484
2021-01-03,France,2712975
2021-01-04,France,2717059
2021-01-05,France,2737892
2021-01-06,France,2763078
2021-01-07,France,2784845
2021-01-08,France,2804705
2021-01-09,France,2824882
2021-01-10,France,2840826
2021-01-11,France,2844642
2021-01-12,France,2864399
2021-01-13,France,2888331
2021-01-14,France,2909666
2021-01-15,France,2930983
2021-01-16,France,2952392
2021-01-17,France,2969034
2021-01-18,France,2972832
2021-01-19,France,2996855
2021-01-20,France,3023613
2021-01-21,France,3046323
2021-01-22,France,3069647
2021-01-23,France,3093740
2021-01-24,France,3112176
2021-01-25,France,3116477
2021-01-26,France,3138619
2021-01-27,France,3165570
2021-01-28,France,3189378
2021-01-29,France,3212613
2021-01-30,France,3236658
2021-01-31,France,3255994
2021-02-01,France,3260382
2021-02-02,France,3283719
2021-02-03,France,3310125
2021-02-04,France,3310145
2021-02-05,France,3355752
2021-02-06,France,3376340
2021-02-07,France,3396055
2021-02-08,France,3400398
2021-02-09,France,3419418
2021-02-10,France,3444827
2021-02-11,France,3465903
2021-02-12,France,3486612
2021-02-13,France,3507843
2021-02-14,France,3524518
2021-02-15,France,3528924
2021-02-16,France,3548520
2021-02-17,France,3573560
2021-02-18,France,3596078
2021-02-19,France,3620205
2021-02-20,France,3642576
2021-02-21,France,3664622
2021-02-22,France,3669276
2021-02-23,France,3689469
2021-02-24,France,3720996
2021-02-25,France,3746410
2021-02-26,France,3771626
2021-02-27,France,3795736
2021-02-28,France,3815688
2021-03-01,France,3820418
2021-03-02,France,3843290
2021-03-03,France,3870101
2021-03-04,France,3895387
2021-03-05,France,3918894
2021-03-06,France,3942286
2021-03-07,France,3964121
2021-03-08,France,3969673
2021-03-09,France,3992853
2021-03-10,France,4022514
2021-03-11,France,4050606
2021-03-12,France,4075681
2021-03-13,France,4105444
2021-03-14,France,4131895
2021-03-15,France,4138369
2021-03-16,France,4168396
2021-03-17,France,4206916
2021-03-18,France,4241990
2021-03-19,France,4277108
2021-03-20,France,4312451
2021-03-21,France,4343115
2021-03-22,France,4358924
2021-03-23,France,4373620
2021-03-24,France,4439011
2021-03-25,France,4484672
2021-03-26,France,4526554
2021-03-27,France,4569179
2021-03-28,France,4606307
2021-03-29,France,4615413
2021-03-30,France,4646136
2021-03-31,France,4705186
2021-04-01,France,4755862
2021-04-02,France,4802545
2021-04-03,France,4802711
2021-04-04,France,4883346
2021-04-05,France,4894139
2021-04-06,France,4902195
2021-04-07,France,4903122
2021-04-08,France,5000155
2021-04-09,France,5000319
2021-04-10,France,5001723
2021-04-11,France,5119625
2021-04-12,France,5128175
2021-04-13,France,5167305
2021-04-14,France,5210812
2021-04-15,France,5248857
2021-04-16,France,5285307
2021-04-17,France,5321180
2021-04-18,France,5350558
2021-04-19,France,5357266
2021-04-20,France,5401341
2021-04-21,France,5436265
2021-04-22,France,5469669
2021-04-23,France,5502009
2021-04-24,France,5534651
2021-04-25,France,5559156
2021-04-26,France,5565113
2021-04-27,France,5595437
2021-04-28,France,5626979
2021-04-29,France,5653526
2021-04-30,France,5677829
2021-05-01,France,5703499
2021-05-02,France,5713420
2021-05-03,France,5717187
2021-05-04,France,5741564
2021-05-05,France,5767568
2021-05-06,France,5789281
2021-05-07,France,5808420
2021-05-08,France,5829199
2021-05-09,France,5838327
2021-05-10,France,5841626
2021-05-11,France,5861417
2021-05-12,France,5882915
2021-05-13,France,5902376
2021-05-14,France,5909419
2021-05-15,France,5925104
2021-05-16,France,5939130
2021-05-17,France,5942481
2021-05-18,France,5959704
2021-05-19,France,5978761
2021-05-20,France,5629921
2021-05-21,France,5642724
2021-05-22,France,5655335
2021-05-23,France,5665101
2021-05-24,France,5667331
2021-05-25,France,5670486
2021-05-26,France,5683143
2021-05-27,France,5697076
2021-05-28,France,5708350
2021-05-29,France,5719877
2021-05-30,France,5728539
2021-05-31,France,5728909
2021-06-01,France,5738762
2021-06-02,France,5740116
2021-06-03,France,5755675
2021-06-04,France,5762633
2021-06-05,France,5769287
2021-06-06,France,5774467
2021-06-07,France,5775641
2021-06-08,France,5781662
2021-06-09,France,5787231
2021-06-10,France,5791714
2021-06-11,France,5795593
2021-06-12,France,5799565
2021-06-13,France,5802538
2021-06-14,France,5803236
2021-06-15,France,5806479
2021-06-16,France,5809543
2021-06-17,France,5811592
2021-06-18,France,5814779
2021-06-19,France,5817403
2021-06-20,France,5819313
2021-06-21,France,5819809
2021-06-22,France,5822022
2021-06-23,France,5824352
2021-06-24,France,5826360
2021-06-25,France,5828348
2021-06-26,France,5830476
2021-06-27,France,5832110
2021-06-28,France,5832628
2021-06-29,France,5836023
2021-06-30,France,5837403
2021-07-01,France,5840067
2021-07-02,France,5842754
2021-07-03,France,5845760
2021-07-04,France,5848365
2021-07-05,France,5849167
2021-07-06,France,5852755
2021-07-07,France,5856838
2021-07-08,France,5861284
2021-07-09,France,5865864
2021-07-10,France,5870560
2021-07-11,France,5874874
2021-07-12,France,5876142
2021-07-13,France,5883100
2021-07-14,France,5884550
2021-07-15,France,5895608
2021-07-16,France,5906543
2021-07-17,France,5917548
2021-07-18,France,5930080
2021-07-19,France,5934273
2021-07-20,France,5952490
2021-07-21,France,5974063
2021-07-22,France,5996163
2021-07-23,France,6015572
2021-07-24,France,6041313
2021-07-25,France,6056555
2021-07-26,France,6061969
2021-07-27,France,6089097
2021-07-28,France,6117020
2021-07-29,France,6142449
2021-07-30,France,6166759
2021-07-31,France,6190621
2021-08-01,France,6210335
2021-08-02,France,6218927
2021-08-03,France,6243225
2021-08-04,France,6272466
2021-08-05,France,6299415
2021-08-06,France,6325146
2021-08-07,France,6351003
2021-08-08,France,6371463
2021-08-09,France,6378681
2021-08-10,France,6407573
2021-08-11,France,6440367
2021-08-12,France,6470038
2021-08-13,France,6497785
2021-08-14,France,6522212
2021-08-15,France,6543481
2021-08-16,France,6556878
2021-08-17,France,6582001
2021-08-18,France,6612028
2021-08-19,France,6637417
2021-08-20,France,6660365
2021-08-21,France,6683078
2021-08-22,France,6700378
2021-08-23,France,6708289
2021-08-24,France,6734203
2021-08-25,France,6757909
2021-08-26,France,6777592
2021-08-27,France,6778049
2021-08-28,France,6813680
2021-08-29,France,6827310
2021-08-30,France,6834998
2021-08-31,France,6835022
2021-09-01,France,6868151
2021-09-02,France,6882305
2021-09-03,France,6897529
2021-09-04,France,6910865
2021-09-05,France,6921275
2021-09-06,France,6924325
2021-09-07,France,6938866
2021-09-08,France,6944797
2021-09-09,France,6962917
2021-09-10,France,6972934
2021-09-11,France,6982683
2021-09-12,France,6990662
2021-09-13,France,6992980
2021-09-14,France,7007436
2021-09-15,France,7007819
2021-09-16,France,7022203
2021-09-17,France,7029959
2021-09-18,France,7037931
2021-09-19,France,7043875
2021-09-20,France,7045422
2021-09-21,France,7054198
2021-09-22,France,7061323
2021-09-23,France,7068630
2021-09-24,France,7075305
2021-09-25,France,7080675
2021-09-26,France,7085607
2021-09-27,France,7087110
2021-09-28,France,7094334
2021-09-29,France,7100572
2021-09-30,France,7106028
2021-10-01,France,7111154
2021-10-02,France,7116415
2021-10-03,France,7120214
2021-10-04,France,7121507
2021-10-05,France,7127454
2021-10-06,France,7137177
2021-10-07,France,7142387
2021-10-08,France,7147186
2021-10-09,France,7152009
2021-10-10,France,7156066
2021-10-11,France,7157206
2021-10-12,France,7163317
2021-10-13,France,7164924
2021-10-14,France,7174580
2021-10-15,France,7180773
2021-10-16,France,7185744
2021-10-17,France,7189566
2021-10-18,France,7190716
2021-10-19,France,7196754
2021-10-20,France,7202840
2021-10-21,France,7209126
2021-10-22,France,7215584
2021-10-23,France,7221941
2021-10-24,France,7226974
2021-10-25,France,7228331
2021-10-26,France,7235100
2021-10-27,France,7242180
2021-10-28,France,7248285
2021-10-29,France,7254779
2021-10-30,France,7262178
2021-10-31,France,7268527
2021-11-01,France,7270410
2021-11-02,France,7272516
2021-11-03,France,7282823
2021-11-04,France,7292220
2021-11-05,France,7301303
2021-11-06,France,7310967
2021-11-07,France,7319526
2021-11-08,France,7321767
2021-11-09,France,7334332
2021-11-10,France,7346277
2021-11-11,France,7358920
2021-11-12,France,7362807
2021-11-13,France,7377483
2021-11-14,France,7389989
2021-11-15,France,7393296
2021-11-16,France,7413180
2021-11-17,France,7433545
2021-11-18,France,7453941
2021-11-19,France,7475211
2021-11-20,France,7497912
2021-11-21,France,7517669
2021-11-22,France,7523008
2021-11-23,France,7553513
2021-11-24,France,7586146
2021-11-25,France,7619656
2021-11-26,France,7654128
2021-11-27,France,7691217
2021-11-28,France,7722804
2021-11-29,France,7731351
2021-11-30,France,7778575
2021-12-01,France,7829045
2021-12-02,France,7877490
2021-12-03,France,7927361
2021-12-04,France,7978825
2021-12-05,France,8020978
2021-12-06,France,8032613
2021-12-07,France,8091667
2021-12-08,France,8153025
2021-12-09,France,8209911
2021-12-10,France,8265076
2021-12-11,France,8318995
2021-12-12,France,8362843
2021-12-13,France,8374944
2021-12-14,France,8438360
2021-12-15,France,8504074
2021-12-16,France,8564979
2021-12-17,France,8623131
2021-12-18,France,8681667
2021-12-19,France,8730140
2021-12-20,France,8745272
2021-12-21,France,8818154
2021-12-22,France,8902466
2021-12-23,France,8994106
2021-12-24,France,9088232
2021-12-25,France,9192843
2021-12-26,France,9220540
2021-12-27,France,9251021
2021-12-28,France,9430829
2021-12-29,France,9639037
2021-12-30,France,9845583
2021-12-31,France,10077783
2022-01-01,France,10296909
2022-01-02,France,10355341
2022-01-03,France,10422830
2022-01-04,France,10694804
2022-01-05,France,11027112
2022-01-06,France,11290010
2022-01-07,France,11618256
2022-01-08,France,11921925
2022-01-09,France,12218022
2022-01-10,France,12311963
2022-01-11,France,12680780
2022-01-12,France,13042665
2022-01-13,France,13351053
2022-01-14,France,13680775
2022-01-15,France,14005385
2022-01-16,France,14283514
2022-01-17,France,14386178
2022-01-18,France,14851448
2022-01-19,France,15288014
2022-01-20,France,15715329
2022-01-21,France,16116748
2022-01-22,France,16506090
2022-01-23,France,16807733
2022-01-24,France,16917220
2022-01-25,France,17420569
2022-01-26,France,17848291
2022-01-27,France,18241888
2022-01-28,France,18596157
2022-01-29,France,18928572
2022-01-30,France,19178039
2022-01-31,France,19266496
2022-02-01,France,19681231
2022-02-02,France,19998301
2022-02-03,France,20274710
2022-02-04,France,20517059
2022-02-05,France,20731613
2022-02-06,France,20887052
2022-02-07,France,20935910
2022-02-08,France,21174600
2022-02-09,France,21177663
2022-02-10,France,21511997
2022-02-11,France,21646561
2022-02-12,France,21765182
2022-02-13,France,21851747
2022-02-14,France,21884370
2022-02-15,France,21886335
2022-02-16,France,22130264
2022-02-17,France,22223882
2022-02-18,France,22310014
2022-02-19,France,22386566
2022-02-20,France,22445580
2022-02-21,France,22466076
2022-02-22,France,22563594
2022-02-23,France,22638153
2022-02-24,France,22707110
2022-02-25,France,22765934
2022-02-26,France,22819557
2022-02-27,France,22862157
2022-02-28,France,22877926
2022-03-01,France,22959368
2022-03-02,France,23017711
2022-03-03,France,23079453
2022-03-04,France,23137902
2022-03-05,France,23191580
2022-03-06,France,23236908
2022-03-07,France,23253235
2022-03-08,France,23346927
2022-03-09,France,23417253
2022-03-10,France,23492815
2022-03-11,France,23565274
2022-03-12,France,23635798
2022-03-13,France,23694834
2022-03-14,France,23717460
2022-03-15,France,23834842
2022-03-16,France,23943801
2022-03-17,France,24046195
2022-03-18,France,24143852
2022-03-19,France,24241956
2022-03-20,France,24323239
2022-03-21,France,24347772
2022-03-22,France,24528957
2022-03-23,France,24683075
2022-03-24,France,24823603
2022-03-25,France,24967222
2022-03-26,France,25106739
2022-03-27,France,25216913
2022-03-28,France,25246720
2022-03-29,France,25464389
2022-03-30,France,25633476
2022-03-31,France,25803173
2022-04-01,France,25952226
2022-04-02,France,26084340
2022-04-03,France,26186606
2022-04-04,France,26218724
2022-04-05,France,26428476
2022-04-06,France,26579448
2022-04-07,France,26738483
2022-04-08,France,26887490
2022-04-09,France,27029271
2022-04-10,France,27136925
2022-04-11,France,27162463
2022-04-12,France,27353225
2022-04-13,France,27499728
2022-04-14,France,27637292
2022-04-15,France,27762686
2022-04-16,France,27874269
2020-01-22,India,0
2020-01-23,India,0
2020-01-24,India,0
2020-01-25,India,0
2020-01-26,India,0
2020-01-27,India,0
2020-01-28,India,0
2020-01-29,India,0
2020-01-30,India,1
2020-01-31,India,1
2020-02-01,India,1
2020-02-02,India,2
2020-02-03,India,3
2020-02-04,India,3
2020-02-05,India,3
2020-02-06,India,3
2020-02-07,India,3
2020-02-08,India,3
2020-02-09,India,3
2020-02-10,India,3
2020-02-11,India,3
2020-02-12,India,3
2020-02-13,India,3
2020-02-14,India,3
2020-02-15,India,3
2020-02-16,India,3
2020-02-17,India,3
2020-02-18,India,3
2020-02-19,India,3
2020-02-20,India,3
2020-02-21,India,3
2020-02-22,India,3
2020-02-23,India,3
2020-02-24,India,3
2020-02-25,India,3
2020-02-26,India,3
2020-02-27,India,3
2020-02-28,India,3
2020-02-29,India,3
2020-03-01,India,3
2020-03-02,India,5
2020-03-03,India,5
2020-03-04,India,28
2020-03-05,India,30
2020-03-06,India,31
2020-03-07,India,34
2020-03-08,India,39
2020-03-09,India,43
2020-03-10,India,56
2020-03-11,India,62
2020-03-12,India,73
2020-03-13,India,82
2020-03-14,India,102
2020-03-15,India,113
2020-03-16,India,119
2020-03-17,India,142
2020-03-18,India,156
2020-03-19,India,194
2020-03-20,India,244
2020-03-21,India,330
2020-03-22,India,396
2020-03-23,India,499
2020-03-24,India,536
2020-03-25,India,657
2020-03-26,India,727
2020-03-27,India,887
2020-03-28,India,987
2020-03-29,India,1024
2020-03-30,India,1251
2020-03-31,India,1397
2020-04-01,India,1998
2020-04-02,India,2543
2020-04-03,India,2567
2020-04-04,India,3082
2020-04-05,India,3588
2020-04-06,India,4778
2020-04-07,India,5311
2020-04-08,India,5916
2020-04-09,India,6725
2020-04-10,India,7598
2020-04-11,India,8446
2020-04-12,India,9205
2020-04-13,India,10453
2020-04-14,India,11487
2020-04-15,India,12322
2020-04-16,India,13430
2020-04-17,India,14352
2020-04-18,India,15722
2020-04-19,India,17615
2020-04-20,India,18539
2020-04-21,India,20080
2020-04-22,India,21370
2020-04-23,India,23077
2020-04-24,India,24530
2020-04-25,India,26283
2020-04-26,India,27890
2020-04-27,India,29451
2020-04-28,India,31324
2020-04-29,India,33062
2020-04-30,India,34863
2020-05-01,India,37257
2020-05-02,India,39699
2020-05-03,India,42505
2020-05-04,India,46437
2020-05-05,India,49400
2020-05-06,India,52987
2020-05-07,India,56351
2020-05-08,India,59695
2020-05-09,India,62808
2020-05-10,India,67161
2020-05-11,India,70768
2020-05-12,India,74292
2020-05-13,India,78055
2020-05-14,India,81997
2020-05-15,India,85784
2020-05-16,India,90648
2020-05-17,India,95698
2020-05-18,India,100328
2020-05-19,India,106475
2020-05-20,India,112028
2020-05-21,India,118226
2020-05-22,India,124794
2020-05-23,India,131423
2020-05-24,India,138536
2020-05-25,India,144950
2020-05-26,India,150793
2020-05-27,India,158086
2020-05-28,India,165386
2020-05-29,India,173491
2020-05-30,India,181827
2020-05-31,India,190609
2020-06-01,India,198370
2020-06-02,India,207191
2020-06-03,India,216824
2020-06-04,India,226713
2020-06-05,India,236184
2020-06-06,India,246622
2020-06-07,India,257486
2020-06-08,India,265928
2020-06-09,India,276146
2020-06-10,India,286605
2020-06-11,India,297535
2020-06-12,India,308993
2020-06-13,India,320922
2020-06-14,India,332424
2020-06-15,India,343091
2020-06-16,India,354065
2020-06-17,India,366946
2020-06-18,India,380532
2020-06-19,India,395048
2020-06-20,India,410451
2020-06-21,India,425282
2020-06-22,India,440215
2020-06-23,India,456183
2020-06-24,India,473105
2020-06-25,India,490401
2020-06-26,India,508953
2020-06-27,India,528859
2020-06-28,India,548318
2020-06-29,India,566840
2020-06-30,India,585481
2020-07-01,India,604641
2020-07-02,India,625544
2020-07-03,India,648315
2020-07-04,India,673165
2020-07-05,India,697413
2020-07-06,India,719664
2020-07-07,India,742417
2020-07-08,India,767296
2020-07-09,India,793802
2020-07-10,India,820916
2020-07-11,India,849522
2020-07-12,India,878254
2020-07-13,India,906752
2020-07-14,India,936181
2020-07-15,India,968857
2020-07-16,India,1003832
2020-07-17,India,1039084
2020-07-18,India,1077781
2020-07-19,India,1118206
2020-07-20,India,1155338
2020-07-21,India,1193078
2020-07-22,India,1238798
2020-07-23,India,1288108
2020-07-24,India,1337024
2020-07-25,India,1385635
2020-07-26,India,1435616
2020-07-27,India,1480073
2020-07-28,India,1531669
2020-07-29,India,1581963
2020-07-30,India,1634746
2020-07-31,India,1695988
2020-08-01,India,1750723
2020-08-02,India,1803695
2020-08-03,India,1855745
2020-08-04,India,1908254
2020-08-05,India,1964536
2020-08-06,India,2027074
2020-08-07,India,2088611
2020-08-08,India,2153010
2020-08-09,India,2215074
2020-08-10,India,2268675
2020-08-11,India,2329638
2020-08-12,India,2396637
2020-08-13,India,2461190
2020-08-14,India,2525922
2020-08-15,India,2589952
2020-08-16,India,2647663
2020-08-17,India,2702681
2020-08-18,India,2767253
2020-08-19,India,2836925
2020-08-20,India,2905825
2020-08-21,India,2975701
2020-08-22,India,3044940
2020-08-23,India,3106348
2020-08-24,India,3167323
2020-08-25,India,3224547
2020-08-26,India,3310234
2020-08-27,India,3387500
2020-08-28,India,3463972
2020-08-29,India,3542733
2020-08-30,India,3621245
2020-08-31,India,3691166
2020-09-01,India,3769523
2020-09-02,India,3853406
2020-09-03,India,3936747
2020-09-04,India,4023179
2020-09-05,India,4113811
2020-09-06,India,4204613
2020-09-07,India,4280422
2020-09-08,India,4370128
2020-09-09,India,4465863
2020-09-10,India,4562414
2020-09-11,India,4659984
2020-09-12,India,4754356
2020-09-13,India,4846427
2020-09-14,India,4930236
2020-09-15,India,5020359
2020-09-16,India,5118253
2020-09-17,India,5214677
2020-09-18,India,5308014
2020-09-19,India,5400619
2020-09-20,India,5487580
2020-09-21,India,5562663
2020-09-22,India,5646010
2020-09-23,India,5732518
2020-09-24,India,5818570
2020-09-25,India,5903932
2020-09-26,India,5992532
2020-09-27,India,6074702
2020-09-28,India,6145291
2020-09-29,India,6225763
2020-09-30,India,6312584
2020-10-01,India,6394068
2020-10-02,India,6473544
2020-10-03,India,6549373
2020-10-04,India,6623815
2020-10-05,India,6685082
2020-10-06,India,6757131
2020-10-07,India,6835655
2020-10-08,India,6906151
2020-10-09,India,6979423
2020-10-10,India,7053806
2020-10-11,India,7120538
2020-10-12,India,7175880
2020-10-13,India,7239389
2020-10-14,India,7307097
2020-10-15,India,7370468
2020-10-16,India,7432680
2020-10-17,India,7494551
2020-10-18,India,7550273
2020-10-19,India,7597063
2020-10-20,India,7651107
2020-10-21,India,7706946
2020-10-22,India,7761312
2020-10-23,India,7814682
2020-10-24,India,7864811
2020-10-25,India,7909959
2020-10-26,India,7946429
2020-10-27,India,7990322
2020-10-28,India,8040203
2020-10-29,India,8088851
2020-10-30,India,8137119
2020-10-31,India,8184082
2020-11-01,India,8229313
2020-11-02,India,8267623
2020-11-03,India,8313876
2020-11-04,India,8364086
2020-11-05,India,8411724
2020-11-06,India,8462080
2020-11-07,India,8507754
2020-11-08,India,8553657
2020-11-09,India,8591730
2020-11-10,India,8636011
2020-11-11,India,8683916
2020-11-12,India,8728795
2020-11-13,India,8773479
2020-11-14,India,8814579
2020-11-15,India,8845127
2020-11-16,India,8874290
2020-11-17,India,8912907
2020-11-18,India,8958483
2020-11-19,India,9004365
2020-11-20,India,9050597
2020-11-21,India,9095806
2020-11-22,India,9139865
2020-11-23,India,9177840
2020-11-24,India,9222216
2020-11-25,India,9266705
2020-11-26,India,9309787
2020-11-27,India,9351109
2020-11-28,India,9392919
2020-11-29,India,9431691
2020-11-30,India,9462809
2020-12-01,India,9499413
2020-12-02,India,9534964
2020-12-03,India,9571559
2020-12-04,India,9608211
2020-12-05,India,9644222
2020-12-06,India,9677203
2020-12-07,India,9703770
2020-12-08,India,9735850
2020-12-09,India,9767371
2020-12-10,India,9796744
2020-12-11,India,9826775
2020-12-12,India,9857029
2020-12-13,India,9884100
2020-12-14,India,9906165
2020-12-15,India,9932547
2020-12-16,India,9956557
2020-12-17,India,9979447
2020-12-18,India,10004599
2020-12-19,India,10031223
2020-12-20,India,10055560
2020-12-21,India,10075116
2020-12-22,India,10099066
2020-12-23,India,10123778
2020-12-24,India,10146845
2020-12-25,India,10169118
2020-12-26,India,10187850
2020-12-27,India,10207871
2020-12-28,India,10224303
2020-12-29,India,10244852
2020-12-30,India,10266674
2020-12-31,India,10286709
2021-01-01,India,10305788
2021-01-02,India,10323965
2021-01-03,India,10340469
2021-01-04,India,10356844
2021-01-05,India,10374932
2021-01-06,India,10395278
2021-01-07,India,10413417
2021-01-08,India,10413417
2021-01-09,India,10450284
2021-01-10,India,10466595
2021-01-11,India,10479179
2021-01-12,India,10495147
2021-01-13,India,10512093
2021-01-14,India,10527683
2021-01-15,India,10542841
2021-01-16,India,10557985
2021-01-17,India,10571773
2021-01-18,India,10581823
2021-01-19,India,10595639
2021-01-20,India,10610883
2021-01-21,India,10625428
2021-01-22,India,10639684
2021-01-23,India,10654533
2021-01-24,India,10667736
2021-01-25,India,10676838
2021-01-26,India,10689527
2021-01-27,India,10701193
2021-01-28,India,10720048
2021-01-29,India,10733130
2021-01-30,India,10746174
2021-01-31,India,10757610
2021-02-01,India,10766245
2021-02-02,India,10777284
2021-02-03,India,10790183
2021-02-04,India,10802591
2021-02-05,India,10814304
2021-02-06,India,10826363
2021-02-07,India,10838194
2021-02-08,India,10847304
2021-02-09,India,10858371
2021-02-10,India,10871294
2021-02-11,India,10880603
2021-02-12,India,10892746
2021-02-13,India,10904940
2021-02-14,India,10916589
2021-02-15,India,10925710
2021-02-16,India,10937320
2021-02-17,India,10950201
2021-02-18,India,10963394
2021-02-19,India,10977387
2021-02-20,India,10991651
2021-02-21,India,11005850
2021-02-22,India,11016434
2021-02-23,India,11030176
2021-02-24,India,11046914
2021-02-25,India,11063491
2021-02-26,India,11079979
2021-02-27,India,11096731
2021-02-28,India,11112241
2021-03-01,India,11124527
2021-03-02,India,11139516
2021-03-03,India,11156923
2021-03-04,India,11173761
2021-03-05,India,11192045
2021-03-06,India,11210799
2021-03-07,India,11229398
2021-03-08,India,11244786
2021-03-09,India,11262707
2021-03-10,India,11285561
2021-03-11,India,11308846
2021-03-12,India,11333728
2021-03-13,India,11359048
2021-03-14,India,11385339
2021-03-15,India,11409831
2021-03-16,India,11438734
2021-03-17,India,11474605
2021-03-18,India,11514331
2021-03-19,India,11555284
2021-03-20,India,11599130
2021-03-21,India,11646081
2021-03-22,India,11686796
2021-03-23,India,11734058
2021-03-24,India,11787534
2021-03-25,India,11846652
2021-03-26,India,11908910
2021-03-27,India,11971624
2021-03-28,India,12039644
2021-03-29,India,12095855
2021-03-30,India,12149335
2021-03-31,India,12221665
2021-04-01,India,12303131
2021-04-02,India,12392260
2021-04-03,India,12485509
2021-04-04,India,12589067
2021-04-05,India,12686049
2021-04-06,India,12801785
2021-04-07,India,12928574
2021-04-08,India,13060542
2021-04-09,India,13205926
2021-04-10,India,13358805
2021-04-11,India,13527717
2021-04-12,India,13689453
2021-04-13,India,13873825
2021-04-14,India,14074564
2021-04-15,India,14291917
2021-04-16,India,14526609
2021-04-17,India,14788003
2021-04-18,India,15061805
2021-04-19,India,15320972
2021-04-20,India,15616130
2021-04-21,India,15930774
2021-04-22,India,16263695
2021-04-23,India,16610481
2021-04-24,India,16960172
2021-04-25,India,17313163
2021-04-26,India,17636186
2021-04-27,India,17997113
2021-04-28,India,18376421
2021-04-29,India,18762976
2021-04-30,India,19164969
2021-05-01,India,19557457
2021-05-02,India,19925517
2021-05-03,India,20282833
2021-05-04,India,20664979
2021-05-05,India,21077410
2021-05-06,India,21491598
2021-05-07,India,21892676
2021-05-08,India,22296081
2021-05-09,India,22662575
2021-05-10,India,22992517
2021-05-11,India,23340938
2021-05-12,India,23703665
2021-05-13,India,24046809
2021-05-14,India,24372907
2021-05-15,India,24684077
2021-05-16,India,24965463
2021-05-17,India,25228996
2021-05-18,India,25496330
2021-05-19,India,25772440
2021-05-20,India,26031991
2021-05-21,India,26289290
2021-05-22,India,26530132
2021-05-23,India,26752447
2021-05-24,India,26948874
2021-05-25,India,27157795
2021-05-26,India,27369093
2021-05-27,India,27555457
2021-05-28,India,27729247
2021-05-29,India,27894800
2021-05-30,India,28047534
2021-05-31,India,28175044
2021-06-01,India,28307832
2021-06-02,India,28441986
2021-06-03,India,28574350
2021-06-04,India,28694879
2021-06-05,India,28809339
2021-06-06,India,28909975
2021-06-07,India,28996473
2021-06-08,India,29089069
2021-06-09,India,29182532
2021-06-10,India,29274823
2021-06-11,India,29359155
2021-06-12,India,29439989
2021-06-13,India,29510410
2021-06-14,India,29570881
2021-06-15,India,29633105
2021-06-16,India,29700313
2021-06-17,India,29762793
2021-06-18,India,29823546
2021-06-19,India,29881772
2021-06-20,India,29935221
2021-06-21,India,29977861
2021-06-22,India,30028709
2021-06-23,India,30082778
2021-06-24,India,30134445
2021-06-25,India,30183143
2021-06-26,India,30233183
2021-06-27,India,30279331
2021-06-28,India,30316897
2021-06-29,India,30362848
2021-06-30,India,30411634
2021-07-01,India,30458251
2021-07-02,India,30502362
2021-07-03,India,30545433
2021-07-04,India,30585229
2021-07-05,India,30619932
2021-07-06,India,30663665
2021-07-07,India,30709557
2021-07-08,India,30752950
2021-07-09,India,30795716
2021-07-10,India,30837222
2021-07-11,India,30874376
2021-07-12,India,30907282
2021-07-13,India,30946147
2021-07-14,India,30987880
2021-07-15,India,31026829
2021-07-16,India,31064908
2021-07-17,India,31106065
2021-07-18,India,31144229
2021-07-19,India,31174322
2021-07-20,India,31216337
2021-07-21,India,31257720
2021-07-22,India,31293062
2021-07-23,India,31332159
2021-07-24,India,31371901
2021-07-25,India,31411262
2021-07-26,India,31440951
2021-07-27,India,31484605
2021-07-28,India,31528114
2021-07-29,India,31572344
2021-07-30,India,31613993
2021-07-31,India,31655824
2021-08-01,India,31695958
2021-08-02,India,31726507
2021-08-03,India,31769132
2021-08-04,India,31812114
2021-08-05,India,31856757
2021-08-06,India,31895385
2021-08-07,India,31934455
2021-08-08,India,31969954
2021-08-09,India,31998158
2021-08-10,India,32036511
2021-08-11,India,32077706
2021-08-12,India,32117826
2021-08-13,India,32156493
2021-08-14,India,32192576
2021-08-15,India,32225513
2021-08-16,India,32250679
2021-08-17,India,32285857
2021-08-18,India,32322258
2021-08-19,India,32358829
2021-08-20,India,32393286
2021-08-21,India,32424234
2021-08-22,India,32449306
2021-08-23,India,32474773
2021-08-24,India,32512366
2021-08-25,India,32558530
2021-08-26,India,32603188
2021-08-27,India,32649947
2021-08-28,India,32695030
2021-08-29,India,32737939
2021-08-30,India,32768880
2021-08-31,India,32810845
2021-09-01,India,32857937
2021-09-02,India,32903289
2021-09-03,India,32945907
2021-09-04,India,32988673
2021-09-05,India,33027621
2021-09-06,India,33058843
2021-09-07,India,33096718
2021-09-08,India,33139981
2021-09-09,India,33174954
2021-09-10,India,33208330
2021-09-11,India,33236921
2021-09-12,India,33264175
2021-09-13,India,33289579
2021-09-14,India,33316755
2021-09-15,India,33347325
2021-09-16,India,33381728
2021-09-17,India,33417390
2021-09-18,India,33448163
2021-09-19,India,33478419
2021-09-20,India,33504534
2021-09-21,India,33531498
2021-09-22,India,33563421
2021-09-23,India,33594803
2021-09-24,India,33624419
2021-09-25,India,33652745
2021-09-26,India,33678786
2021-09-27,India,33697581
2021-09-28,India,33716451
2021-09-29,India,33739980
2021-09-30,India,33766707
2021-10-01,India,33791061
2021-10-02,India,33813903
2021-10-03,India,33834702
2021-10-04,India,33853048
2021-10-05,India,33871881
2021-10-06,India,33894312
2021-10-07,India,33915569
2021-10-08,India,33935309
2021-10-09,India,33953475
2021-10-10,India,33971607
2021-10-11,India,33985920
2021-10-12,India,34001743
2021-10-13,India,34020730
2021-10-14,India,34037592
2021-10-15,India,34053573
2021-10-16,India,34067719
2021-10-17,India,34081315
2021-10-18,India,34094373
2021-10-19,India,34108996
2021-10-20,India,34127450
2021-10-21,India,34143236
2021-10-22,India,34159562
2021-10-23,India,34175468
2021-10-24,India,34189774
2021-10-25,India,34202202
2021-10-26,India,34215653
2021-10-27,India,34231809
2021-10-28,India,34246157
2021-10-29,India,34260470
2021-10-30,India,34273300
2021-10-31,India,34285814
2021-11-01,India,34296237
2021-11-02,India,34308140
2021-11-03,India,34321025
2021-11-04,India,34333754
2021-11-05,India,34344683
2021-11-06,India,34355509
2021-11-07,India,34366987
2021-11-08,India,34377113
2021-11-09,India,34388579
2021-11-10,India,34401670
2021-11-11,India,34414186
2021-11-12,India,34426036
2021-11-13,India,34437307
2021-11-14,India,34447536
2021-11-15,India,34456401
2021-11-16,India,34466598
2021-11-17,India,34478517
2021-11-18,India,34489623
2021-11-19,India,34499925
2021-11-20,India,34510413
2021-11-21,India,34518901
2021-11-22,India,34526480
2021-11-23,India,34535763
2021-11-24,India,34544882
2021-11-25,India,34555431
2021-11-26,India,34563749
2021-11-27,India,34572523
2021-11-28,India,34580832
2021-11-29,India,34587822
2021-11-30,India,34596776
2021-12-01,India,34606541
2021-12-02,India,34615757
2021-12-03,India,34624360
2021-12-04,India,34624360
2021-12-05,India,34641561
2021-12-06,India,34648383
2021-12-07,India,34656822
2021-12-08,India,34666241
2021-12-09,India,34674643
2021-12-10,India,34682633
2021-12-11,India,34690510
2021-12-12,India,34697860
2021-12-13,India,34703644
2021-12-14,India,34710628
2021-12-15,India,34718602
2021-12-16,India,34726049
2021-12-17,India,34726049
2021-12-18,India,34733194
2021-12-19,India,34746838
2021-12-20,India,34752164
2021-12-21,India,34758481
2021-12-22,India,34765976
2021-12-23,India,34772626
2021-12-24,India,34779815
2021-12-25,India,34786802
2021-12-26,India,34793333
2021-12-27,India,34799691
2021-12-28,India,34808886
2021-12-29,India,34822040
2021-12-30,India,34838804
2021-12-31,India,34861579
2022-01-01,India,34889132
2022-01-02,India,34922882
2022-01-03,India,34960261
2022-01-04,India,35018358
2022-01-05,India,35109286
2022-01-06,India,35226386
2022-01-07,India,35368372
2022-01-08,India,35528004
2022-01-09,India,35707727
2022-01-10,India,35875790
2022-01-11,India,36070510
2022-01-12,India,36317927
2022-01-13,India,36582129
2022-01-14,India,36850962
2022-01-15,India,37122164
2022-01-16,India,37380253
2022-01-17,India,37618271
2022-01-18,India,37901241
2022-01-19,India,38218773
2022-01-20,India,38566027
2022-01-21,India,38903731
2022-01-22,India,39237264
2022-01-23,India,39543328
2022-01-24,India,39799202
2022-01-25,India,40085116
2022-01-26,India,40371500
2022-01-27,India,40622709
2022-01-28,India,40858241
2022-01-29,India,41092522
2022-01-30,India,41302440
2022-01-31,India,41469499
2022-02-01,India,41630885
2022-02-02,India,41803318
2022-02-03,India,41952712
2022-02-04,India,42080664
2022-02-05,India,42188138
2022-02-06,India,42272014
2022-02-07,India,42339611
2022-02-08,India,42410976
2022-02-09,India,42478060
2022-02-10,India,42536137
2022-02-11,India,42586544
2022-02-12,India,42631421
2022-02-13,India,42665534
2022-02-14,India,42692943
2022-02-15,India,42723558
2022-02-16,India,42754315
2022-02-17,India,42780235
2022-02-18,India,42802505
2022-02-19,India,42822473
2022-02-20,India,42838524
2022-02-21,India,42851929
2022-02-22,India,42867031
2022-02-23,India,42881179
2022-02-24,India,42894345
2022-02-25,India,42905844
2022-02-26,India,42916117
2022-02-27,India,42924130
2022-02-28,India,42931045
2022-03-01,India,42938599
2022-03-02,India,42945160
2022-03-03,India,42951556
2022-03-04,India,42957477
2022-03-05,India,42962953
2022-03-06,India,42967315
2022-03-07,India,42971308
2022-03-08,India,42975883
2022-03-09,India,42980067
2022-03-10,India,42984261
2022-03-11,India,42987875
2022-03-12,India,42990991
2022-03-13,India,42993494
2022-03-14,India,42996062
2022-03-15,India,42998938
2022-03-16,India,43001477
2022-03-17,India,43004005
2022-03-18,India,43006080
2022-03-19,India,43007841
2022-03-20,India,43009390
2022-03-21,India,43010971
2022-03-22,India,43012749
2022-03-23,India,43014687
2022-03-24,India,43016372
2022-03-25,India,43018032
2022-03-26,India,43019453
2022-03-27,India,43020723
2022-03-28,India,43021982
2022-03-29,India,43023215
2022-03-30,India,43024440
2022-03-31,India,43025775
2022-04-01,India,43027035
2022-04-02,India,43028131
2022-04-03,India,43029044
2022-04-04,India,43029839
2022-04-05,India,43030925
2022-04-06,India,43031958
2022-04-07,India,43033067
2022-04-08,India,43034217
2022-04-09,India,43035271
2022-04-10,India,43036132
2022-04-11,India,43036928
2022-04-12,India,43038016
2022-04-13,India,43039023
2022-04-14,India,43039972
2022-04-15,India,43040947
2022-04-16,India,43042097
2020-01-22,United States,1
2020-01-23,United States,1
2020-01-24,United States,2
2020-01-25,United States,2
2020-01-26,United States,5
2020-01-27,United States,5
2020-01-28,United States,5
2020-01-29,United States,6
2020-01-30,United States,6
2020-01-31,United States,8
2020-02-01,United States,8
2020-02-02,United States,8
2020-02-03,United States,11
2020-02-04,United States,11
2020-02-05,United States,11
2020-02-06,United States,12
2020-02-07,United States,12
2020-02-08,United States,12
2020-02-09,United States,12
2020-02-10,United States,12
2020-02-11,United States,13
2020-02-12,United States,13
2020-02-13,United States,14
2020-02-14,United States,14
2020-02-15,United States,14
2020-02-16,United States,14
2020-02-17,United States,14
2020-02-18,United States,14
2020-02-19,United States,14
2020-02-20,United States,14
2020-02-21,United States,16
2020-02-22,United States,16
2020-02-23,United States,16
2020-02-24,United States,16
2020-02-25,United States,16
2020-02-26,United States,16
2020-02-27,United States,17
2020-02-28,United States,17
2020-02-29,United States,25
2020-03-01,United States,32
2020-03-02,United States,55
2020-03-03,United States,74
2020-03-04,United States,107
2020-03-05,United States,184
2020-03-06,United States,237
2020-03-07,United States,403
2020-03-08,United States,519
2020-03-09,United States,594
2020-03-10,United States,782
2020-03-11,United States,1147
2020-03-12,United States,1586
2020-03-13,United States,2219
2020-03-14,United States,2978
2020-03-15,United States,3212
2020-03-16,United States,4679
2020-03-17,United States,6512
2020-03-18,United States,9169
2020-03-19,United States,13663
2020-03-20,United States,20030
2020-03-21,United States,26025
2020-03-22,United States,34944
2020-03-23,United States,46096
2020-03-24,United States,56714
2020-03-25,United States,68841
2020-03-26,United States,86662
2020-03-27,United States,105253
2020-03-28,United States,127417
2020-03-29,United States,143544
2020-03-30,United States,165698
2020-03-31,United States,192079
2020-04-01,United States,223254
2020-04-02,United States,255530
2020-04-03,United States,287931
2020-04-04,United States,319776
2020-04-05,United States,349016
2020-04-06,United States,380798
2020-04-07,United States,410834
2020-04-08,United States,441897
2020-04-09,United States,477507
2020-04-10,United States,511790
2020-04-11,United States,540714
2020-04-12,United States,567022
2020-04-13,United States,594165
2020-04-14,United States,622493
2020-04-15,United States,648390
2020-04-16,United States,678028
2020-04-17,United States,711135
2020-04-18,United States,738464
2020-04-19,United States,763886
2020-04-20,United States,793970
2020-04-21,United States,820045
2020-04-22,United States,849926
2020-04-23,United States,881891
2020-04-24,United States,913856
2020-04-25,United States,944770
2020-04-26,United States,970741
2020-04-27,United States,995390
2020-04-28,United States,1019963
2020-04-29,United States,1046815
2020-04-30,United States,1076517
2020-05-01,United States,1111409
2020-05-02,United States,1138174
2020-05-03,United States,1161907
2020-05-04,United States,1185709
2020-05-05,United States,1209728
2020-05-06,United States,1234210
2020-05-07,United States,1261949
2020-05-08,United States,1289132
2020-05-09,United States,1313586
2020-05-10,United States,1332332
2020-05-11,United States,1351409
2020-05-12,United States,1374791
2020-05-13,United States,1394806
2020-05-14,United States,1420696
2020-05-15,United States,1445547
2020-05-16,United States,1469597
2020-05-17,United States,1488326
2020-05-18,United States,1510634
2020-05-19,United States,1531136
2020-05-20,United States,1553962
2020-05-21,United States,1579114
2020-05-22,United States,1602942
2020-05-23,United States,1623131
2020-05-24,United States,1643305
2020-05-25,United States,1662399
2020-05-26,United States,1681125
2020-05-27,United States,1699888
2020-05-28,United States,1721155
2020-05-29,United States,1746237
2020-05-30,United States,1769317
2020-05-31,United States,1788236
2020-06-01,United States,1806076
2020-06-02,United States,1826166
2020-06-03,United States,1845322
2020-06-04,United States,1873256
2020-06-05,United States,1899695
2020-06-06,United States,1919964
2020-06-07,United States,1937790
2020-06-08,United States,1954689
2020-06-09,United States,1975010
2020-06-10,United States,1996728
2020-06-11,United States,2019006
2020-06-12,United States,2044564
2020-06-13,United States,2068721
2020-06-14,United States,2087622
2020-06-15,United States,2108621
2020-06-16,United States,2133170
2020-06-17,United States,2160220
2020-06-18,United States,2188447
2020-06-19,United States,2219501
2020-06-20,United States,2251327
2020-06-21,United States,2277163
2020-06-22,United States,2306964
2020-06-23,United States,2345694
2020-06-24,United States,2381945
2020-06-25,United States,2421243
2020-06-26,United States,2470289
2020-06-27,United States,2511043
2020-06-28,United States,2553968
2020-06-29,United States,2595264
2020-06-30,United States,2645088
2020-07-01,United States,2694210
2020-07-02,United States,2749154
2020-07-03,United States,2800657
2020-07-04,United States,2846602
2020-07-05,United States,2900332
2020-07-06,United States,2943498
2020-07-07,United States,3000728
2020-07-08,United States,3061034
2020-07-09,United States,3120690
2020-07-10,United States,3189548
2020-07-11,United States,3249987
2020-07-12,United States,3310119
2020-07-13,United States,3369485
2020-07-14,United States,3435147
2020-07-15,United States,3501175
2020-07-16,United States,3571990
2020-07-17,United States,3638462
2020-07-18,United States,3702784
2020-07-19,United States,3761716
2020-07-20,United States,3822379
2020-07-21,United States,3890573
2020-07-22,United States,3958119
2020-07-23,United States,4026006
2020-07-24,United States,4101153
2020-07-25,United States,4165354
2020-07-26,United States,4221194
2020-07-27,United States,4280918
2020-07-28,United States,4345748
2020-07-29,United States,4409876
2020-07-30,United States,4479120
2020-07-31,United States,4543696
2020-08-01,United States,4601276
2020-08-02,United States,4648385
2020-08-03,United States,4690071
2020-08-04,United States,4751729
2020-08-05,United States,4806078
2020-08-06,United States,4866258
2020-08-07,United States,4926845
2020-08-08,United States,4990778
2020-08-09,United States,5045045
2020-08-10,United States,5096662
2020-08-11,United States,5153618
2020-08-12,United States,5208863
2020-08-13,United States,5260520
2020-08-14,United States,5330645
2020-08-15,United States,5383041
2020-08-16,United States,5417703
2020-08-17,United States,5455552
2020-08-18,United States,5500454
2020-08-19,United States,5546338
2020-08-20,United States,5591469
2020-08-21,United States,5639060
2020-08-22,United States,5684735
2020-08-23,United States,5716646
2020-08-24,United States,5750569
2020-08-25,United States,5793243
2020-08-26,United States,5835318
2020-08-27,United States,5885836
2020-08-28,United States,5932307
2020-08-29,United States,5975408
2020-08-30,United States,6009539
2020-08-31,United States,6042902
2020-09-01,United States,6084880
2020-09-02,United States,6124841
2020-09-03,United States,6169982
2020-09-04,United States,6218318
2020-09-05,United States,6261943
2020-09-06,United States,6291062
2020-09-07,United States,6315625
2020-09-08,United States,6342372
2020-09-09,United States,6376010
2020-09-10,United States,6415458
2020-09-11,United States,6460081
2020-09-12,United States,6505665
2020-09-13,United States,6545957
2020-09-14,United States,6578522
2020-09-15,United States,6615700
2020-09-16,United States,6653992
2020-09-17,United States,6699310
2020-09-18,United States,6749496
2020-09-19,United States,6795273
2020-09-20,United States,6836883
2020-09-21,United States,6868927
2020-09-22,United States,6907199
2020-09-23,United States,6948318
2020-09-24,United States,6997199
2020-09-25,United States,7044336
2020-09-26,United States,7087884
2020-09-27,United States,7121663
2020-09-28,United States,7159403
2020-09-29,United States,7201437
2020-09-30,United States,7240070
2020-10-01,United States,7286316
2020-10-02,United States,7339761
2020-10-03,United States,7389041
2020-10-04,United States,7422172
2020-10-05,United States,7459530
2020-10-06,United States,7504076
2020-10-07,United States,7553214
2020-10-08,United States,7611105
2020-10-09,United States,7666185
2020-10-10,United States,7721553
2020-10-11,United States,7768453
2020-10-12,United States,7810535
2020-10-13,United States,7860659
2020-10-14,United States,7919101
2020-10-15,United States,7982638
2020-10-16,United States,8052813
2020-10-17,United States,8107645
2020-10-18,United States,8159818
2020-10-19,United States,8227702
2020-10-20,United States,8289442
2020-10-21,United States,8350148
2020-10-22,United States,8429769
2020-10-23,United States,8511431
2020-10-24,United States,8589807
2020-10-25,United States,8650782
2020-10-26,United States,8715346
2020-10-27,United States,8792570
2020-10-28,United States,8879046
2020-10-29,United States,8970339
2020-10-30,United States,9070188
2020-10-31,United States,9157531
2020-11-01,United States,9235361
2020-11-02,United States,9317169
2020-11-03,United States,9441936
2020-11-04,United States,9542200
2020-11-05,United States,9670281
2020-11-06,United States,9797339
2020-11-07,United States,9924404
2020-11-08,United States,10044078
2020-11-09,United States,10161034
2020-11-10,United States,10297589
2020-11-11,United States,10445272
2020-11-12,United States,10604069
2020-11-13,United States,10783587
2020-11-14,United States,10947637
2020-11-15,United States,11087354
2020-11-16,United States,11240441
2020-11-17,United States,11405087
2020-11-18,United States,11577056
2020-11-19,United States,11769359
2020-11-20,United States,11971026
2020-11-21,United States,12150847
2020-11-22,United States,12297434
2020-11-23,United States,12478945
2020-11-24,United States,12652507
2020-11-25,United States,12832721
2020-11-26,United States,12949971
2020-11-27,United States,13164608
2020-11-28,United States,13332834
2020-11-29,United States,13473178
2020-11-30,United States,13628096
2020-12-01,United States,13825212
2020-12-02,United States,14021377
2020-12-03,United States,14241608
2020-12-04,United States,14476983
2020-12-05,United States,14698992
2020-12-06,United States,14878319
2020-12-07,United States,15073780
2020-12-08,United States,15300837
2020-12-09,United States,15516852
2020-12-10,United States,15753796
2020-12-11,United States,15992706
2020-12-12,United States,16217240
2020-12-13,United States,16408837
2020-12-14,United States,16618677
2020-12-15,United States,16844993
2020-12-16,United States,17079802
2020-12-17,United States,17320054
2020-12-18,United States,17568005
2020-12-19,United States,17773856
2020-12-20,United States,17961053
2020-12-21,United States,18157913
2020-12-22,United States,18363849
2020-12-23,United States,18585289
2020-12-24,United States,18798236
2020-12-25,United States,18925408
2020-12-26,United States,19142846
2020-12-27,United States,19278802
2020-12-28,United States,19452104
2020-12-29,United States,19658082
2020-12-30,United States,19876375
2020-12-31,United States,20191459
2021-01-01,United States,20370367
2021-01-02,United States,20642648
2021-01-03,United States,20846039
2021-01-04,United States,21031555
2021-01-05,United States,21264419
2021-01-06,United States,21524179
2021-01-07,United States,21810433
2021-01-08,United States,22114510
2021-01-09,United States,22379262
2021-01-10,United States,22590111
2021-01-11,United States,22794080
2021-01-12,United States,23015894
2021-01-13,United States,23245238
2021-01-14,United States,23480819
2021-01-15,United States,23725816
2021-01-16,United States,23943499
2021-01-17,United States,24120058
2021-01-18,United States,24260884
2021-01-19,United States,24417785
2021-01-20,United States,24605182
2021-01-21,United States,24797743
2021-01-22,United States,24989518
2021-01-23,United States,25167699
2021-01-24,United States,25307842
2021-01-25,United States,25437444
2021-01-26,United States,25588454
2021-01-27,United States,25743910
2021-01-28,United States,25910675
2021-01-29,United States,26074413
2021-01-30,United States,26225350
2021-01-31,United States,26338205
2021-02-01,United States,26463526
2021-02-02,United States,26580556
2021-02-03,United States,26704926
2021-02-04,United States,26829960
2021-02-05,United States,26961070
2021-02-06,United States,27077929
2021-02-07,United States,27167357
2021-02-08,United States,27250158
2021-02-09,United States,27345537
2021-02-10,United States,27440818
2021-02-11,United States,27547593
2021-02-12,United States,27648176
2021-02-13,United States,27738936
2021-02-14,United States,27807242
2021-02-15,United States,27862692
2021-02-16,United States,27921916
2021-02-17,United States,27990762
2021-02-18,United States,28063341
2021-02-19,United States,28138493
2021-02-20,United States,28212275
2021-02-21,United States,28267539
2021-02-22,United States,28323023
2021-02-23,United States,28396884
2021-02-24,United States,28471907
2021-02-25,United States,28549184
2021-02-26,United States,28624603
2021-02-27,United States,28695889
2021-02-28,United States,28747650
2021-03-01,United States,28798094
2021-03-02,United States,28856511
2021-03-03,United States,28923564
2021-03-04,United States,28992510
2021-03-05,United States,29060390
2021-03-06,United States,29121421
2021-03-07,United States,29163030
2021-03-08,United States,29207128
2021-03-09,United States,29262633
2021-03-10,United States,29320406
2021-03-11,United States,29382197
2021-03-12,United States,29444801
2021-03-13,United States,29501621
2021-03-14,United States,29540897
2021-03-15,United States,29591931
2021-03-16,United States,29645996
2021-03-17,United States,29705270
2021-03-18,United States,29767659
2021-03-19,United States,29829293
2021-03-20,United States,29888158
2021-03-21,United States,29923536
2021-03-22,United States,29970963
2021-03-23,United States,30023822
2021-03-24,United States,30111580
2021-03-25,United States,30179209
2021-03-26,United States,30255581
2021-03-27,United States,30319636
2021-03-28,United States,30365956
2021-03-29,United States,30431828
2021-03-30,United States,30493519
2021-03-31,United States,30563051
2021-04-01,United States,30639910
2021-04-02,United States,30713935
2021-04-03,United States,30778816
2021-04-04,United States,30816739
2021-04-05,United States,30883829
2021-04-06,United States,30946656
2021-04-07,United States,31022434
2021-04-08,United States,31102499
2021-04-09,United States,31187252
2021-04-10,United States,31257787
2021-04-11,United States,31305243
2021-04-12,United States,31367427
2021-04-13,United States,31448268
2021-04-14,United States,31523873
2021-04-15,United States,31597853
2021-04-16,United States,31681326
2021-04-17,United States,31736814
2021-04-18,United States,31780644
2021-04-19,United States,31839194
2021-04-20,United States,31901634
2021-04-21,United States,31965981
2021-04-22,United States,32032699
2021-04-23,United States,32095595
2021-04-24,United States,32150567
2021-04-25,United States,32185336
2021-04-26,United States,32227622
2021-04-27,United States,32279906
2021-04-28,United States,32335093
2021-04-29,United States,32393919
2021-04-30,United States,32452021
2021-05-01,United States,32500798
2021-05-02,United States,32531353
2021-05-03,United States,32575974
2021-05-04,United States,32618870
2021-05-05,United States,32664914
2021-05-06,United States,32711094
2021-05-07,United States,32759508
2021-05-08,United States,32795165
2021-05-09,United States,32818035
2021-05-10,United States,32850412
2021-05-11,United States,32885890
2021-05-12,United States,32922041
2021-05-13,United States,32960778
2021-05-14,United States,33002995
2021-05-15,United States,33033753
2021-05-16,United States,33051445
2021-05-17,United States,33076688
2021-05-18,United States,33105606
2021-05-19,United States,33135210
2021-05-20,United States,33165429
2021-05-21,United States,33194254
2021-05-22,United States,33215467
2021-05-23,United States,33229252
2021-05-24,United States,33251126
2021-05-25,United States,33275718
2021-05-26,United States,33300313
2021-05-27,United States,33327156
2021-05-28,United States,33349400
2021-05-29,United States,33362711
2021-05-30,United States,33370065
2021-05-31,United States,33376340
2021-06-01,United States,33397194
2021-06-02,United States,33413908
2021-06-03,United States,33432302
2021-06-04,United States,33450167
2021-06-05,United States,33465772
2021-06-06,United States,33471789
2021-06-07,United States,33485861
2021-06-08,United States,33498901
2021-06-09,United States,33517466
2021-06-10,United States,33532246
2021-06-11,United States,33557397
2021-06-12,United States,33566557
2021-06-13,United States,33571828
2021-06-14,United States,33583613
2021-06-15,United States,33594342
2021-06-16,United States,33606248
2021-06-17,United States,33618011
2021-06-18,United States,33639193
2021-06-19,United States,33648244
2021-06-20,United States,33653165
2021-06-21,United States,33663719
2021-06-22,United States,33674516
2021-06-23,United States,33687181
2021-06-24,United States,33701655
2021-06-25,United States,33726258
2021-06-26,United States,33735628
2021-06-27,United States,33740250
2021-06-28,United States,33753873
2021-06-29,United States,33761350
2021-06-30,United States,33776702
2021-07-01,United States,33791823
2021-07-02,United States,33821579
2021-07-03,United States,33826993
2021-07-04,United States,33831278
2021-07-05,United States,33840180
2021-07-06,United States,33862462
2021-07-07,United States,33882639
2021-07-08,United States,33903502
2021-07-09,United States,33951097
2021-07-10,United States,33961217
2021-07-11,United States,33972964
2021-07-12,United States,34002388
2021-07-13,United States,34028921
2021-07-14,United States,34060046
2021-07-15,United States,34092009
2021-07-16,United States,34170120
2021-07-17,United States,34184222
2021-07-18,United States,34204550
2021-07-19,United States,34253393
2021-07-20,United States,34293122
2021-07-21,United States,34340854
2021-07-22,United States,34397386
2021-07-23,United States,34518187
2021-07-24,United States,34546932
2021-07-25,United States,34574904
2021-07-26,United States,34654278
2021-07-27,United States,34719272
2021-07-28,United States,34792842
2021-07-29,United States,34865401
2021-07-30,United States,35056850
2021-07-31,United States,35100744
2021-08-01,United States,35145314
2021-08-02,United States,35253675
2021-08-03,United States,35351427
2021-08-04,United States,35453864
2021-08-05,United States,35563556
2021-08-06,United States,35815450
2021-08-07,United States,35878449
2021-08-08,United States,35913323
2021-08-09,United States,36073112
2021-08-10,United States,36190914
2021-08-11,United States,36345351
2021-08-12,United States,36489427
2021-08-13,United States,36716250
2021-08-14,United States,36789314
2021-08-15,United States,36836100
2021-08-16,United States,37030460
2021-08-17,United States,37181051
2021-08-18,United States,37348658
2021-08-19,United States,37503878
2021-08-20,United States,37742957
2021-08-21,United States,37835147
2021-08-22,United States,37879350
2021-08-23,United States,38087584
2021-08-24,United States,38242044
2021-08-25,United States,38421014
2021-08-26,United States,38604788
2021-08-27,United States,38843468
2021-08-28,United States,38922361
2021-08-29,United States,38974376
2021-08-30,United States,39203590
2021-08-31,United States,39383534
2021-09-01,United States,39574045
2021-09-02,United States,39753168
2021-09-03,United States,39988600
2021-09-04,United States,40074511
2021-09-05,United States,40138014
2021-09-06,United States,40231755
2021-09-07,United States,40440928
2021-09-08,United States,40617839
2021-09-09,United States,40784260
2021-09-10,United States,41026278
2021-09-11,United States,41115401
2021-09-12,United States,41163747
2021-09-13,United States,41374525
2021-09-14,United States,41519932
2021-09-15,United States,41693180
2021-09-16,United States,41851957
2021-09-17,United States,42062812
2021-09-18,United States,42137785
2021-09-19,United States,42182658
2021-09-20,United States,42354453
2021-09-21,United States,42476185
2021-09-22,United States,42607532
2021-09-23,United States,42736691
2021-09-24,United States,42911456
2021-09-25,United States,42971953
2021-09-26,United States,43026268
2021-09-27,United States,43182202
2021-09-28,United States,43294951
2021-09-29,United States,43416335
2021-09-30,United States,43526729
2021-10-01,United States,43681560
2021-10-02,United States,43729766
2021-10-03,United States,43774544
2021-10-04,United States,43917461
2021-10-05,United States,44012688
2021-10-06,United States,44124865
2021-10-07,United States,44226389
2021-10-08,United States,44357811
2021-10-09,United States,44396641
2021-10-10,United States,44436311
2021-10-11,United States,44532374
2021-10-12,United States,44642979
2021-10-13,United States,44751436
2021-10-14,United States,44838377
2021-10-15,United States,44947848
2021-10-16,United States,44987629
2021-10-17,United States,45019279
2021-10-18,United States,45118220
2021-10-19,United States,45200123
2021-10-20,United States,45291728
2021-10-21,United States,45369795
2021-10-22,United States,45465743
2021-10-23,United States,45498148
2021-10-24,United States,45517308
2021-10-25,United States,45629868
2021-10-26,United States,45696522
2021-10-27,United States,45799081
2021-10-28,United States,45874170
2021-10-29,United States,45969273
2021-10-30,United States,46003562
2021-10-31,United States,46035880
2021-11-01,United States,46149131
2021-11-02,United States,46217861
2021-11-03,United States,46303454
2021-11-04,United States,46384890
2021-11-05,United States,46481747
2021-11-06,United States,46516602
2021-11-07,United States,46553426
2021-11-08,United States,46664172
2021-11-09,United States,46742530
2021-11-10,United States,46837597
2021-11-11,United States,46895239
2021-11-12,United States,47038738
2021-11-13,United States,47082685
2021-11-14,United States,47114595
2021-11-15,United States,47248634
2021-11-16,United States,47335899
2021-11-17,United States,47448735
2021-11-18,United States,47558567
2021-11-19,United States,47685434
2021-11-20,United States,47730790
2021-11-21,United States,47770619
2021-11-22,United States,47915235
2021-11-23,United States,48006579
2021-11-24,United States,48118158
2021-11-25,United States,48157477
2021-11-26,United States,48210898
2021-11-27,United States,48237436
2021-11-28,United States,48280582
2021-11-29,United States,48466877
2021-11-30,United States,48583978
2021-12-01,United States,48721085
2021-12-02,United States,48859937
2021-12-03,United States,49018557
2021-12-04,United States,49084899
2021-12-05,United States,49140079
2021-12-06,United States,49317767
2021-12-07,United States,49431030
2021-12-08,United States,49580935
2021-12-09,United States,49705462
2021-12-10,United States,49863661
2021-12-11,United States,49920244
2021-12-12,United States,49972548
2021-12-13,United States,50158041
2021-12-14,United States,50273069
2021-12-15,United States,50416695
2021-12-16,United States,50558421
2021-12-17,United States,50751072
2021-12-18,United States,50830833
2021-12-19,United States,50920033
2021-12-20,United States,51160078
2021-12-21,United States,51339479
2021-12-22,United States,51583228
2021-12-23,United States,51852982
2021-12-24,United States,52101485
2021-12-25,United States,52188134
2021-12-26,United States,52366507
2021-12-27,United States,52867054
2021-12-28,United States,53229051
2021-12-29,United States,53731144
2021-12-30,United States,54321804
2021-12-31,United States,54835397
2022-01-01,United States,55024111
2022-01-02,United States,55309989
2022-01-03,United States,56354828
2022-01-04,United States,57166940
2022-01-05,United States,57829451
2022-01-06,United States,58664396
2022-01-07,United States,59534080
2022-01-08,United States,59931741
2022-01-09,United States,60416690
2022-01-10,United States,61800485
2022-01-11,United States,62587703
2022-01-12,United States,63436245
2022-01-13,United States,64297543
2022-01-14,United States,65177487
2022-01-15,United States,65585769
2022-01-16,United States,66065516
2022-01-17,United States,66740462
2022-01-18,United States,67869801
2022-01-19,United States,68777782
2022-01-20,United States,69510296
2022-01-21,United States,70351280
2022-01-22,United States,70653756
2022-01-23,United States,71019151
2022-01-24,United States,71941130
2022-01-25,United States,72434260
2022-01-26,United States,73058263
2022-01-27,United States,73564529
2022-01-28,United States,74178562
2022-01-29,United States,74357179
2022-01-30,United States,74555112
2022-01-31,United States,75097338
2022-02-01,United States,75422719
2022-02-02,United States,75752221
2022-02-03,United States,76027012
2022-02-04,United States,76381952
2022-02-05,United States,76468358
2022-02-06,United States,76551822
2022-02-07,United States,76898215
2022-02-08,United States,77112479
2022-02-09,United States,77300879
2022-02-10,United States,77472152
2022-02-11,United States,77681472
2022-02-12,United States,77733334
2022-02-13,United States,77791646
2022-02-14,United States,77961828
2022-02-15,United States,78073003
2022-02-16,United States,78187841
2022-02-17,United States,78289539
2022-02-18,United States,78434715
2022-02-19,United States,78466121
2022-02-20,United States,78489122
2022-02-21,United States,78572010
2022-02-22,United States,78661358
2022-02-23,United States,78746506
2022-02-24,United States,78813584
2022-02-25,United States,78887963
2022-02-26,United States,78935375
2022-02-27,United States,78953596
2022-02-28,United States,79052519
2022-03-01,United States,79099228
2022-03-02,United States,79152640
2022-03-03,United States,79201258
2022-03-04,United States,79252523
2022-03-05,United States,79267444
2022-03-06,United States,79279840
2022-03-07,United States,79343929
2022-03-08,United States,79373683
2022-03-09,United States,79411388
2022-03-10,United States,79457977
2022-03-11,United States,79507694
2022-03-12,United States,79517911
2022-03-13,United States,79528961
2022-03-14,United States,79564354
2022-03-15,United States,79588738
2022-03-16,United States,79634875
2022-03-17,United States,79688041
2022-03-18,United States,79719388
2022-03-19,United States,79730270
2022-03-20,United States,79741713
2022-03-21,United States,79783990
2022-03-22,United States,79808558
2022-03-23,United States,79849247
2022-03-24,United States,79892237
2022-03-25,United States,79938661
2022-03-26,United States,79948075
2022-03-27,United States,79959836
2022-03-28,United States,79998748
2022-03-29,United States,80022811
2022-03-30,United States,80061842
2022-03-31,United States,80107303
2022-04-01,United States,80139338
2022-04-02,United States,80151068
2022-04-03,United States,80155304
2022-04-04,United States,80183801
2022-04-05,United States,80209383
2022-04-06,United States,80249869
2022-04-07,United States,80296887
2022-04-08,United States,80384319
2022-04-09,United States,80397170
2022-04-10,United States,80406370
2022-04-11,United States,80449944
2022-04-12,United States,80477797
2022-04-13,United States,80518989
2022-04-14,United States,80573532
2022-04-15,United States,80612681
2022-04-16,United States,80625120
2020-01-22,United Kingdom,0
2020-01-23,United Kingdom,0
2020-01-24,United Kingdom,0
2020-01-25,United Kingdom,0
2020-01-26,United Kingdom,0
2020-01-27,United Kingdom,0
2020-01-28,United Kingdom,0
2020-01-29,United Kingdom,0
2020-01-30,United Kingdom,0
2020-01-31,United Kingdom,2
2020-02-01,United Kingdom,2
2020-02-02,United Kingdom,2
2020-02-03,United Kingdom,8
2020-02-04,United Kingdom,8
2020-02-05,United Kingdom,9
2020-02-06,United Kingdom,9
2020-02-07,United Kingdom,9
2020-02-08,United Kingdom,13
2020-02-09,United Kingdom,14
2020-02-10,United Kingdom,14
2020-02-11,United Kingdom,15
2020-02-12,United Kingdom,16
2020-02-13,United Kingdom,17
2020-02-14,United Kingdom,18
2020-02-15,United Kingdom,18
2020-02-16,United Kingdom,18
2020-02-17,United Kingdom,19
2020-02-18,United Kingdom,19
2020-02-19,United Kingdom,20
2020-02-20,United Kingdom,22
2020-02-21,United Kingdom,23
2020-02-22,United Kingdom,23
2020-02-23,United Kingdom,28
2020-02-24,United Kingdom,30
2020-02-25,United Kingdom,34
2020-02-26,United Kingdom,37
2020-02-27,United Kingdom,44
2020-02-28,United Kingdom,56
2020-02-29,United Kingdom,61
2020-03-01,United Kingdom,94
2020-03-02,United Kingdom,134
2020-03-03,United Kingdom,189
2020-03-04,United Kingdom,246
2020-03-05,United Kingdom,295
2020-03-06,United Kingdom,374
2020-03-07,United Kingdom,429
2020-03-08,United Kingdom,483
2020-03-09,United Kingdom,630
2020-03-10,United Kingdom,888
2020-03-11,United Kingdom,1299
2020-03-12,United Kingdom,1788
2020-03-13,United Kingdom,2268
2020-03-14,United Kingdom,2632
2020-03-15,United Kingdom,3074
2020-03-16,United Kingdom,3686
2020-03-17,United Kingdom,4456
2020-03-18,United Kingdom,5462
2020-03-19,United Kingdom,6523
2020-03-20,United Kingdom,7778
2020-03-21,United Kingdom,8975
2020-03-22,United Kingdom,10398
2020-03-23,United Kingdom,12747
2020-03-24,United Kingdom,15139
2020-03-25,United Kingdom,17847
2020-03-26,United Kingdom,20958
2020-03-27,United Kingdom,24203
2020-03-28,United Kingdom,27055
2020-03-29,United Kingdom,29949
2020-03-30,United Kingdom,34251
2020-03-31,United Kingdom,38788
2020-04-01,United Kingdom,43755
2020-04-02,United Kingdom,48694
2020-04-03,United Kingdom,53645
2020-04-04,United Kingdom,57739
2020-04-05,United Kingdom,61359
2020-04-06,United Kingdom,66715
2020-04-07,United Kingdom,72199
2020-04-08,United Kingdom,77369
2020-04-09,United Kingdom,82281
2020-04-10,United Kingdom,86620
2020-04-11,United Kingdom,90248
2020-04-12,United Kingdom,93784
2020-04-13,United Kingdom,97993
2020-04-14,United Kingdom,102352
2020-04-15,United Kingdom,107454
2020-04-16,United Kingdom,112792
2020-04-17,United Kingdom,117777
2020-04-18,United Kingdom,122508
2020-04-19,United Kingdom,126375
2020-04-20,United Kingdom,131252
2020-04-21,United Kingdom,136023
2020-04-22,United Kingdom,141529
2020-04-23,United Kingdom,146682
2020-04-24,United Kingdom,151662
2020-04-25,United Kingdom,155445
2020-04-26,United Kingdom,158920
2020-04-27,United Kingdom,163627
2020-04-28,United Kingdom,168351
2020-04-29,United Kingdom,173796
2020-04-30,United Kingdom,178765
2020-05-01,United Kingdom,183500
2020-05-02,United Kingdom,186726
2020-05-03,United Kingdom,189702
2020-05-04,United Kingdom,193086
2020-05-05,United Kingdom,196775
2020-05-06,United Kingdom,200612
2020-05-07,United Kingdom,204383
2020-05-08,United Kingdom,207435
2020-05-09,United Kingdom,209585
2020-05-10,United Kingdom,211907
2020-05-11,United Kingdom,215495
2020-05-12,United Kingdom,218892
2020-05-13,United Kingdom,222191
2020-05-14,United Kingdom,224809
2020-05-15,United Kingdom,227330
2020-05-16,United Kingdom,229397
2020-05-17,United Kingdom,231223
2020-05-18,United Kingdom,233799
2020-05-19,United Kingdom,236862
2020-05-20,United Kingdom,239572
2020-05-21,United Kingdom,242126
2020-05-22,United Kingdom,244170
2020-05-23,United Kingdom,245678
2020-05-24,United Kingdom,247033
2020-05-25,United Kingdom,248645
2020-05-26,United Kingdom,250304
2020-05-27,United Kingdom,252113
2020-05-28,United Kingdom,253849
2020-05-29,United Kingdom,255358
2020-05-30,United Kingdom,256465
2020-05-31,United Kingdom,257535
2020-06-01,United Kingdom,258979
2020-06-02,United Kingdom,260449
2020-06-03,United Kingdom,261797
2020-06-04,United Kingdom,263035
2020-06-05,United Kingdom,264146
2020-06-06,United Kingdom,264938
2020-06-07,United Kingdom,265656
2020-06-08,United Kingdom,266751
2020-06-09,United Kingdom,267909
2020-06-10,United Kingdom,269097
2020-06-11,United Kingdom,270104
2020-06-12,United Kingdom,271158
2020-06-13,United Kingdom,272046
2020-06-14,United Kingdom,272853
2020-06-15,United Kingdom,273881
2020-06-16,United Kingdom,274964
2020-06-17,United Kingdom,275964
2020-06-18,United Kingdom,276984
2020-06-19,United Kingdom,277970
2020-06-20,United Kingdom,278636
2020-06-21,United Kingdom,279260
2020-06-22,United Kingdom,280152
2020-06-23,United Kingdom,281034
2020-06-24,United Kingdom,281810
2020-06-25,United Kingdom,282507
2020-06-26,United Kingdom,283148
2020-06-27,United Kingdom,283782
2020-06-28,United Kingdom,284189
2020-06-29,United Kingdom,284809
2020-06-30,United Kingdom,285213
2020-07-01,United Kingdom,285276
2020-07-02,United Kingdom,285282
2020-07-03,United Kingdom,285784
2020-07-04,United Kingdom,286409
2020-07-05,United Kingdom,286928
2020-07-06,United Kingdom,287281
2020-07-07,United Kingdom,287865
2020-07-08,United Kingdom,288507
2020-07-09,United Kingdom,289150
2020-07-10,United Kingdom,289674
2020-07-11,United Kingdom,290500
2020-07-12,United Kingdom,291150
2020-07-13,United Kingdom,291683
2020-07-14,United Kingdom,292927
2020-07-15,United Kingdom,293465
2020-07-16,United Kingdom,294110
2020-07-17,United Kingdom,294797
2020-07-18,United Kingdom,295628
2020-07-19,United Kingdom,296354
2020-07-20,United Kingdom,296940
2020-07-21,United Kingdom,297385
2020-07-22,United Kingdom,297948
2020-07-23,United Kingdom,298727
2020-07-24,United Kingdom,299495
2020-07-25,United Kingdom,300265
2020-07-26,United Kingdom,301016
2020-07-27,United Kingdom,301704
2020-07-28,United Kingdom,302254
2020-07-29,United Kingdom,303058
2020-07-30,United Kingdom,303906
2020-07-31,United Kingdom,304789
2020-08-01,United Kingdom,305558
2020-08-02,United Kingdom,306305
2020-08-03,United Kingdom,307244
2020-08-04,United Kingdom,307915
2020-08-05,United Kingdom,308823
2020-08-06,United Kingdom,309786
2020-08-07,United Kingdom,310687
2020-08-08,United Kingdom,311453
2020-08-09,United Kingdom,312566
2020-08-10,United Kingdom,313384
2020-08-11,United Kingdom,314534
2020-08-12,United Kingdom,315569
2020-08-13,United Kingdom,316719
2020-08-14,United Kingdom,318178
2020-08-15,United Kingdom,319223
2020-08-16,United Kingdom,320336
2020-08-17,United Kingdom,321055
2020-08-18,United Kingdom,322170
2020-08-19,United Kingdom,322998
2020-08-20,United Kingdom,324194
2020-08-21,United Kingdom,325255
2020-08-22,United Kingdom,326587
2020-08-23,United Kingdom,327637
2020-08-24,United Kingdom,328612
2020-08-25,United Kingdom,329809
2020-08-26,United Kingdom,330955
2020-08-27,United Kingdom,332499
2020-08-28,United Kingdom,333796
2020-08-29,United Kingdom,334907
2020-08-30,United Kingdom,336661
2020-08-31,United Kingdom,338076
2020-09-01,United Kingdom,339403
2020-09-02,United Kingdom,340918
2020-09-03,United Kingdom,342698
2020-09-04,United Kingdom,344680
2020-09-05,United Kingdom,346507
2020-09-06,United Kingdom,349499
2020-09-07,United Kingdom,352450
2020-09-08,United Kingdom,354932
2020-09-09,United Kingdom,357611
2020-09-10,United Kingdom,360545
2020-09-11,United Kingdom,364088
2020-09-12,United Kingdom,367593
2020-09-13,United Kingdom,370932
2020-09-14,United Kingdom,373559
2020-09-15,United Kingdom,376669
2020-09-16,United Kingdom,380678
2020-09-17,United Kingdom,384086
2020-09-18,United Kingdom,388417
2020-09-19,United Kingdom,392847
2020-09-20,United Kingdom,396748
2020-09-21,United Kingdom,401121
2020-09-22,United Kingdom,406058
2020-09-23,United Kingdom,412245
2020-09-24,United Kingdom,418890
2020-09-25,United Kingdom,425767
2020-09-26,United Kingdom,431817
2020-09-27,United Kingdom,437522
2020-09-28,United Kingdom,441571
2020-09-29,United Kingdom,448728
2020-09-30,United Kingdom,455847
2020-10-01,United Kingdom,462780
2020-10-02,United Kingdom,469768
2020-10-03,United Kingdom,482652
2020-10-04,United Kingdom,505621
2020-10-05,United Kingdom,518218
2020-10-06,United Kingdom,532770
2020-10-07,United Kingdom,546946
2020-10-08,United Kingdom,564500
2020-10-09,United Kingdom,578392
2020-10-10,United Kingdom,593569
2020-10-11,United Kingdom,606460
2020-10-12,United Kingdom,620443
2020-10-13,United Kingdom,637692
2020-10-14,United Kingdom,657454
2020-10-15,United Kingdom,676452
2020-10-16,United Kingdom,692110
2020-10-17,United Kingdom,708298
2020-10-18,United Kingdom,725292
2020-10-19,United Kingdom,744113
2020-10-20,United Kingdom,765484
2020-10-21,United Kingdom,792189
2020-10-22,United Kingdom,813444
2020-10-23,United Kingdom,834000
2020-10-24,United Kingdom,857042
2020-10-25,United Kingdom,876846
2020-10-26,United Kingdom,897751
2020-10-27,United Kingdom,920655
2020-10-28,United Kingdom,945369
2020-10-29,United Kingdom,968449
2020-10-30,United Kingdom,992867
2020-10-31,United Kingdom,1014788
2020-11-01,United Kingdom,1038056
2020-11-02,United Kingdom,1057029
2020-11-03,United Kingdom,1077077
2020-11-04,United Kingdom,1102279
2020-11-05,United Kingdom,1126445
2020-11-06,United Kingdom,1149764
2020-11-07,United Kingdom,1174762
2020-11-08,United Kingdom,1195358
2020-11-09,United Kingdom,1216733
2020-11-10,United Kingdom,1237166
2020-11-11,United Kingdom,1260167
2020-11-12,United Kingdom,1293684
2020-11-13,United Kingdom,1321014
2020-11-14,United Kingdom,1347907
2020-11-15,United Kingdom,1372897
2020-11-16,United Kingdom,1394284
2020-11-17,United Kingdom,1414355
2020-11-18,United Kingdom,1433987
2020-11-19,United Kingdom,1456919
2020-11-20,United Kingdom,1477203
2020-11-21,United Kingdom,1497125
2020-11-22,United Kingdom,1515805
2020-11-23,United Kingdom,1531278
2020-11-24,United Kingdom,1542599
2020-11-25,United Kingdom,1560846
2020-11-26,United Kingdom,1578410
2020-11-27,United Kingdom,1593194
2020-11-28,United Kingdom,1609110
2020-11-29,United Kingdom,1621304
2020-11-30,United Kingdom,1633679
2020-12-01,United Kingdom,1647165
2020-12-02,United Kingdom,1663373
2020-12-03,United Kingdom,1678298
2020-12-04,United Kingdom,1694679
2020-12-05,United Kingdom,1710295
2020-12-06,United Kingdom,1727639
2020-12-07,United Kingdom,1742405
2020-12-08,United Kingdom,1754821
2020-12-09,United Kingdom,1771444
2020-12-10,United Kingdom,1792522
2020-12-11,United Kingdom,1814281
2020-12-12,United Kingdom,1835826
2020-12-13,United Kingdom,1854353
2020-12-14,United Kingdom,1874725
2020-12-15,United Kingdom,1893323
2020-12-16,United Kingdom,1918585
2020-12-17,United Kingdom,1954080
2020-12-18,United Kingdom,1982748
2020-12-19,United Kingdom,2009960
2020-12-20,United Kingdom,2046066
2020-12-21,United Kingdom,2079512
2020-12-22,United Kingdom,2116521
2020-12-23,United Kingdom,2155880
2020-12-24,United Kingdom,2195066
2020-12-25,United Kingdom,2227935
2020-12-26,United Kingdom,2262772
2020-12-27,United Kingdom,2295208
2020-12-28,United Kingdom,2336655
2020-12-29,United Kingdom,2389942
2020-12-30,United Kingdom,2440180
2020-12-31,United Kingdom,2496187
2021-01-01,United Kingdom,2549671
2021-01-02,United Kingdom,2607548
2021-01-03,United Kingdom,2662664
2021-01-04,United Kingdom,2721583
2021-01-05,United Kingdom,2782676
2021-01-06,United Kingdom,2845230
2021-01-07,United Kingdom,2898028
2021-01-08,United Kingdom,2966224
2021-01-09,United Kingdom,3026299
2021-01-10,United Kingdom,3081319
2021-01-11,United Kingdom,3127617
2021-01-12,United Kingdom,3173273
2021-01-13,United Kingdom,3220936
2021-01-14,United Kingdom,3269737
2021-01-15,United Kingdom,3325623
2021-01-16,United Kingdom,3367060
2021-01-17,United Kingdom,3405734
2021-01-18,United Kingdom,3443344
2021-01-19,United Kingdom,3476787
2021-01-20,United Kingdom,3515776
2021-01-21,United Kingdom,3553757
2021-01-22,United Kingdom,3594084
2021-01-23,United Kingdom,3627726
2021-01-24,United Kingdom,3657825
2021-01-25,United Kingdom,3680056
2021-01-26,United Kingdom,3700254
2021-01-27,United Kingdom,3725610
2021-01-28,United Kingdom,3754419
2021-01-29,United Kingdom,3783592
2021-01-30,United Kingdom,3806947
2021-01-31,United Kingdom,3828131
2021-02-01,United Kingdom,3846807
2021-02-02,United Kingdom,3863721
2021-02-03,United Kingdom,3882972
2021-02-04,United Kingdom,3903704
2021-02-05,United Kingdom,3922893
2021-02-06,United Kingdom,3941250
2021-02-07,United Kingdom,3957167
2021-02-08,United Kingdom,3971294
2021-02-09,United Kingdom,3983736
2021-02-10,United Kingdom,3996819
2021-02-11,United Kingdom,4010365
2021-02-12,United Kingdom,4025556
2021-02-13,United Kingdom,4038916
2021-02-14,United Kingdom,4049910
2021-02-15,United Kingdom,4059691
2021-02-16,United Kingdom,4070329
2021-02-17,United Kingdom,4083089
2021-02-18,United Kingdom,4095185
2021-02-19,United Kingdom,4107281
2021-02-20,United Kingdom,4117737
2021-02-21,United Kingdom,4127575
2021-02-22,United Kingdom,4138231
2021-02-23,United Kingdom,4146758
2021-02-24,United Kingdom,4156704
2021-02-25,United Kingdom,4166724
2021-02-26,United Kingdom,4175311
2021-02-27,United Kingdom,4182769
2021-02-28,United Kingdom,4188823
2021-03-01,United Kingdom,4194287
2021-03-02,United Kingdom,4200697
2021-03-03,United Kingdom,4207117
2021-03-04,United Kingdom,4213760
2021-03-05,United Kingdom,4219786
2021-03-06,United Kingdom,4225904
2021-03-07,United Kingdom,4231165
2021-03-08,United Kingdom,4235987
2021-03-09,United Kingdom,4241855
2021-03-10,United Kingdom,4247877
2021-03-11,United Kingdom,4254712
2021-03-12,United Kingdom,4261396
2021-03-13,United Kingdom,4267013
2021-03-14,United Kingdom,4271708
2021-03-15,United Kingdom,4276838
2021-03-16,United Kingdom,4282200
2021-03-17,United Kingdom,4287993
2021-03-18,United Kingdom,4294326
2021-03-19,United Kingdom,4299198
2021-03-20,United Kingdom,4304837
2021-03-21,United Kingdom,4310193
2021-03-22,United Kingdom,4315600
2021-03-23,United Kingdom,4321016
2021-03-24,United Kingdom,4326643
2021-03-25,United Kingdom,4332920
2021-03-26,United Kingdom,4339155
2021-03-27,United Kingdom,4343064
2021-03-28,United Kingdom,4347011
2021-03-29,United Kingdom,4351795
2021-03-30,United Kingdom,4355864
2021-03-31,United Kingdom,4359979
2021-04-01,United Kingdom,4364544
2021-04-02,United Kingdom,4367967
2021-04-03,United Kingdom,4371391
2021-04-04,United Kingdom,4373796
2021-04-05,United Kingdom,4376627
2021-04-06,United Kingdom,4379031
2021-04-07,United Kingdom,4381828
2021-04-08,United Kingdom,4384952
2021-04-09,United Kingdom,4380165
2021-04-10,United Kingdom,4382878
2021-04-11,United Kingdom,4384608
2021-04-12,United Kingdom,4388294
2021-04-13,United Kingdom,4390798
2021-04-14,United Kingdom,4393328
2021-04-15,United Kingdom,4396095
2021-04-16,United Kingdom,4398902
2021-04-17,United Kingdom,4401175
2021-04-18,United Kingdom,4403059
2021-04-19,United Kingdom,4406113
2021-04-20,United Kingdom,4408644
2021-04-21,United Kingdom,4411066
2021-04-22,United Kingdom,4413832
2021-04-23,United Kingdom,4416530
2021-04-24,United Kingdom,4418652
2021-04-25,United Kingdom,4420385
2021-04-26,United Kingdom,4422504
2021-04-27,United Kingdom,4425202
2021-04-28,United Kingdom,4427389
2021-04-29,United Kingdom,4429848
2021-04-30,United Kingdom,4432245
2021-05-01,United Kingdom,4434156
2021-05-02,United Kingdom,4435830
2021-05-03,United Kingdom,4437504
2021-05-04,United Kingdom,4439487
2021-05-05,United Kingdom,4441642
2021-05-06,United Kingdom,4444260
2021-05-07,United Kingdom,4446750
2021-05-08,United Kingdom,4448806
2021-05-09,United Kingdom,4450577
2021-05-10,United Kingdom,4452954
2021-05-11,United Kingdom,4455444
2021-05-12,United Kingdom,4457741
2021-05-13,United Kingdom,4460404
2021-05-14,United Kingdom,4462602
2021-05-15,United Kingdom,4464662
2021-05-16,United Kingdom,4466589
2021-05-17,United Kingdom,4468580
2021-05-18,United Kingdom,4466218
2021-05-19,United Kingdom,4468364
2021-05-20,United Kingdom,4471063
2021-05-21,United Kingdom,4473772
2021-05-22,United Kingdom,4476296
2021-05-23,United Kingdom,4478391
2021-05-24,United Kingdom,4480757
2021-05-25,United Kingdom,4483175
2021-05-26,United Kingdom,4486166
2021-05-27,United Kingdom,4489550
2021-05-28,United Kingdom,4493580
2021-05-29,United Kingdom,4496821
2021-05-30,United Kingdom,4499935
2021-05-31,United Kingdom,4503229
2021-06-01,United Kingdom,4506331
2021-06-02,United Kingdom,4510595
2021-06-03,United Kingdom,4515776
2021-06-04,United Kingdom,4521920
2021-06-05,United Kingdom,4527575
2021-06-06,United Kingdom,4532801
2021-06-07,United Kingdom,4538391
2021-06-08,United Kingdom,4544370
2021-06-09,United Kingdom,4551689
2021-06-10,United Kingdom,4558927
2021-06-11,United Kingdom,4566895
2021-06-12,United Kingdom,4574453
2021-06-13,United Kingdom,4581778
2021-06-14,United Kingdom,4589397
2021-06-15,United Kingdom,4596992
2021-06-16,United Kingdom,4605811
2021-06-17,United Kingdom,4616623
2021-06-18,United Kingdom,4626912
2021-06-19,United Kingdom,4636990
2021-06-20,United Kingdom,4646067
2021-06-21,United Kingdom,4656542
2021-06-22,United Kingdom,4668030
2021-06-23,United Kingdom,4683984
2021-06-24,United Kingdom,4700708
2021-06-25,United Kingdom,4716039
2021-06-26,United Kingdom,4734015
2021-06-27,United Kingdom,4748673
2021-06-28,United Kingdom,4771347
2021-06-29,United Kingdom,4791597
2021-06-30,United Kingdom,4817245
2021-07-01,United Kingdom,4844879
2021-07-02,United Kingdom,4871745
2021-07-03,United Kingdom,4896279
2021-07-04,United Kingdom,4920252
2021-07-05,United Kingdom,4947404
2021-07-06,United Kingdom,4975843
2021-07-07,United Kingdom,5007979
2021-07-08,United Kingdom,5040082
2021-07-09,United Kingdom,5075805
2021-07-10,United Kingdom,5107813
2021-07-11,United Kingdom,5139355
2021-07-12,United Kingdom,5173845
2021-07-13,United Kingdom,5210245
2021-07-14,United Kingdom,5252448
2021-07-15,United Kingdom,5301013
2021-07-16,United Kingdom,5353033
2021-07-17,United Kingdom,5407420
2021-07-18,United Kingdom,5455699
2021-07-19,United Kingdom,5495707
2021-07-20,United Kingdom,5542334
2021-07-21,United Kingdom,5586503
2021-07-22,United Kingdom,5626513
2021-07-23,United Kingdom,5662651
2021-07-24,United Kingdom,5694455
2021-07-25,United Kingdom,5723536
2021-07-26,United Kingdom,5748230
2021-07-27,United Kingdom,5771599
2021-07-28,United Kingdom,5797332
2021-07-29,United Kingdom,5828224
2021-07-30,United Kingdom,5857556
2021-07-31,United Kingdom,5883411
2021-08-01,United Kingdom,5907641
2021-08-02,United Kingdom,5930003
2021-08-03,United Kingdom,5951686
2021-08-04,United Kingdom,5980830
2021-08-05,United Kingdom,6010860
2021-08-06,United Kingdom,6042493
2021-08-07,United Kingdom,6070872
2021-08-08,United Kingdom,6098140
2021-08-09,United Kingdom,6123155
2021-08-10,United Kingdom,6146599
2021-08-11,United Kingdom,6175995
2021-08-12,United Kingdom,6208867
2021-08-13,United Kingdom,6241384
2021-08-14,United Kingdom,6270663
2021-08-15,United Kingdom,6297179
2021-08-16,United Kingdom,6325482
2021-08-17,United Kingdom,6352222
2021-08-18,United Kingdom,6386034
2021-08-19,United Kingdom,6422475
2021-08-20,United Kingdom,6459589
2021-08-21,United Kingdom,6491525
2021-08-22,United Kingdom,6523594
2021-08-23,United Kingdom,6555372
2021-08-24,United Kingdom,6586148
2021-08-25,United Kingdom,6621763
2021-08-26,United Kingdom,6659880
2021-08-27,United Kingdom,6697720
2021-08-28,United Kingdom,6729909
2021-08-29,United Kingdom,6762927
2021-08-30,United Kingdom,6789249
2021-08-31,United Kingdom,6821318
2021-09-01,United Kingdom,6856890
2021-09-02,United Kingdom,6894873
2021-09-03,United Kingdom,6937223
2021-09-04,United Kingdom,6973996
2021-09-05,United Kingdom,7010583
2021-09-06,United Kingdom,7051461
2021-09-07,United Kingdom,7089002
2021-09-08,United Kingdom,7127601
2021-09-09,United Kingdom,7165161
2021-09-10,United Kingdom,7202170
2021-09-11,United Kingdom,7231113
2021-09-12,United Kingdom,7259792
2021-09-13,United Kingdom,7290143
2021-09-14,United Kingdom,7316895
2021-09-15,United Kingdom,7346829
2021-09-16,United Kingdom,7373422
2021-09-17,United Kingdom,7405974
2021-09-18,United Kingdom,7435493
2021-09-19,United Kingdom,7464810
2021-09-20,United Kingdom,7500714
2021-09-21,United Kingdom,7531888
2021-09-22,United Kingdom,7565724
2021-09-23,United Kingdom,7601565
2021-09-24,United Kingdom,7637276
2021-09-25,United Kingdom,7667289
2021-09-26,United Kingdom,7700384
2021-09-27,United Kingdom,7737963
2021-09-28,United Kingdom,7772759
2021-09-29,United Kingdom,7808025
2021-09-30,United Kingdom,7843855
2021-10-01,United Kingdom,7878555
2021-10-02,United Kingdom,7908101
2021-10-03,United Kingdom,7937835
2021-10-04,United Kingdom,7972302
2021-10-05,United Kingdom,8005486
2021-10-06,United Kingdom,8044408
2021-10-07,United Kingdom,8084296
2021-10-08,United Kingdom,8119411
2021-10-09,United Kingdom,8158942
2021-10-10,United Kingdom,8192634
2021-10-11,United Kingdom,8232283
2021-10-12,United Kingdom,8270131
2021-10-13,United Kingdom,8311801
2021-10-14,United Kingdom,8356546
2021-10-15,United Kingdom,8400946
2021-10-16,United Kingdom,8443898
2021-10-17,United Kingdom,8488755
2021-10-18,United Kingdom,8537615
2021-10-19,United Kingdom,8581209
2021-10-20,United Kingdom,8630019
2021-10-21,United Kingdom,8681729
2021-10-22,United Kingdom,8730733
2021-10-23,United Kingdom,8775894
2021-10-24,United Kingdom,8814789
2021-10-25,United Kingdom,8851040
2021-10-26,United Kingdom,8894807
2021-10-27,United Kingdom,8938909
2021-10-28,United Kingdom,8978370
2021-10-29,United Kingdom,9021626
2021-10-30,United Kingdom,9062715
2021-10-31,United Kingdom,9100533
2021-11-01,United Kingdom,9140352
2021-11-02,United Kingdom,9174089
2021-11-03,United Kingdom,9215691
2021-11-04,United Kingdom,9252557
2021-11-05,United Kingdom,9286511
2021-11-06,United Kingdom,9317081
2021-11-07,United Kingdom,9347062
2021-11-08,United Kingdom,9379205
2021-11-09,United Kingdom,9412197
2021-11-10,United Kingdom,9451810
2021-11-11,United Kingdom,9495255
2021-11-12,United Kingdom,9534422
2021-11-13,United Kingdom,9572415
2021-11-14,United Kingdom,9608830
2021-11-15,United Kingdom,9649092
2021-11-16,United Kingdom,9686227
2021-11-17,United Kingdom,9724444
2021-11-18,United Kingdom,9772540
2021-11-19,United Kingdom,9817330
2021-11-20,United Kingdom,9857655
2021-11-21,United Kingdom,9897448
2021-11-22,United Kingdom,9942671
2021-11-23,United Kingdom,9985536
2021-11-24,United Kingdom,10028653
2021-11-25,United Kingdom,10075820
2021-11-26,United Kingdom,10125736
2021-11-27,United Kingdom,10165777
2021-11-28,United Kingdom,10202537
2021-11-29,United Kingdom,10245033
2021-11-30,United Kingdom,10285443
2021-12-01,United Kingdom,10333452
2021-12-02,United Kingdom,10386944
2021-12-03,United Kingdom,10438148
2021-12-04,United Kingdom,10479966
2021-12-05,United Kingdom,10523594
2021-12-06,United Kingdom,10574930
2021-12-07,United Kingdom,10620303
2021-12-08,United Kingdom,10671356
2021-12-09,United Kingdom,10721839
2021-12-10,United Kingdom,10780442
2021-12-11,United Kingdom,10833032
2021-12-12,United Kingdom,10881385
2021-12-13,United Kingdom,10935598
2021-12-14,United Kingdom,10995158
2021-12-15,United Kingdom,11073251
2021-12-16,United Kingdom,11161258
2021-12-17,United Kingdom,11254194
2021-12-18,United Kingdom,11343591
2021-12-19,United Kingdom,11425878
2021-12-20,United Kingdom,11518027
2021-12-21,United Kingdom,11607587
2021-12-22,United Kingdom,11713355
2021-12-23,United Kingdom,11836593
2021-12-24,United Kingdom,11958451
2021-12-25,United Kingdom,12080799
2021-12-26,United Kingdom,12200165
2021-12-27,United Kingdom,12308123
2021-12-28,United Kingdom,12446467
2021-12-29,United Kingdom,12629503
2021-12-30,United Kingdom,12819883
2021-12-31,United Kingdom,13010853
2022-01-01,United Kingdom,13174530
2022-01-02,United Kingdom,13310224
2022-01-03,United Kingdom,13498751
2022-01-04,United Kingdom,13722579
2022-01-05,United Kingdom,13917693
2022-01-06,United Kingdom,14099839
2022-01-07,United Kingdom,14280081
2022-01-08,United Kingdom,14422121
2022-01-09,United Kingdom,14564390
2022-01-10,United Kingdom,14708454
2022-01-11,United Kingdom,14825809
2022-01-12,United Kingdom,14957778
2022-01-13,United Kingdom,15064277
2022-01-14,United Kingdom,15164861
2022-01-15,United Kingdom,15246208
2022-01-16,United Kingdom,15316987
2022-01-17,United Kingdom,15406943
2022-01-18,United Kingdom,15501453
2022-01-19,United Kingdom,15609692
2022-01-20,United Kingdom,15717846
2022-01-21,United Kingdom,15814339
2022-01-22,United Kingdom,15891933
2022-01-23,United Kingdom,15967194
2022-01-24,United Kingdom,16062685
2022-01-25,United Kingdom,16157980
2022-01-26,United Kingdom,16260425
2022-01-27,United Kingdom,16357612
2022-01-28,United Kingdom,16446952
2022-01-29,United Kingdom,16519771
2022-01-30,United Kingdom,16582687
2022-01-31,United Kingdom,17430856
2022-02-01,United Kingdom,17543963
2022-02-02,United Kingdom,17631560
2022-02-03,United Kingdom,17727264
2022-02-04,United Kingdom,17809884
2022-02-05,United Kingdom,17870485
2022-02-06,United Kingdom,17924207
2022-02-07,United Kingdom,17988154
2022-02-08,United Kingdom,18054899
2022-02-09,United Kingdom,18122879
2022-02-10,United Kingdom,18287353
2022-02-11,United Kingdom,18346213
2022-02-12,United Kingdom,18392169
2022-02-13,United Kingdom,18433372
2022-02-14,United Kingdom,18475111
2022-02-15,United Kingdom,18521452
2022-02-16,United Kingdom,18575733
2022-02-17,United Kingdom,18628702
2022-02-18,United Kingdom,18676361
2022-02-19,United Kingdom,18715582
2022-02-20,United Kingdom,18746592
2022-02-21,United Kingdom,18785333
2022-02-22,United Kingdom,18826968
2022-02-23,United Kingdom,18867585
2022-02-24,United Kingdom,18906546
2022-02-25,United Kingdom,18938546
2022-02-26,United Kingdom,18938546
2022-02-27,United Kingdom,18938546
2022-02-28,United Kingdom,19021076
2022-03-01,United Kingdom,19120746
2022-03-02,United Kingdom,19166049
2022-03-03,United Kingdom,19211944
2022-03-04,United Kingdom,19256835
2022-03-05,United Kingdom,19256835
2022-03-06,United Kingdom,19256835
2022-03-07,United Kingdom,19383743
2022-03-08,United Kingdom,19446892
2022-03-09,United Kingdom,19515547
2022-03-10,United Kingdom,19600293
2022-03-11,United Kingdom,19673347
2022-03-12,United Kingdom,19673347
2022-03-13,United Kingdom,19673347
2022-03-14,United Kingdom,19845016
2022-03-15,United Kingdom,19965698
2022-03-16,United Kingdom,20059641
2022-03-17,United Kingdom,20150847
2022-03-18,United Kingdom,20243940
2022-03-19,United Kingdom,20243940
2022-03-20,United Kingdom,20243940
2022-03-21,United Kingdom,20470351
2022-03-22,United Kingdom,20566021
2022-03-23,United Kingdom,20669099
2022-03-24,United Kingdom,20770686
2022-03-25,United Kingdom,20848912
2022-03-26,United Kingdom,20848913
2022-03-27,United Kingdom,20848913
2022-03-28,United Kingdom,21064311
2022-03-29,United Kingdom,21145773
2022-03-30,United Kingdom,21234719
2022-03-31,United Kingdom,21309769
2022-04-01,United Kingdom,21379545
2022-04-02,United Kingdom,21379545
2022-04-03,United Kingdom,21379545
2022-04-04,United Kingdom,21522955
2022-04-05,United Kingdom,21573997
2022-04-06,United Kingdom,21625530
2022-04-07,United Kingdom,21674196
2022-04-08,United Kingdom,21716180
2022-04-09,United Kingdom,21716180
2022-04-10,United Kingdom,21716180
2022-04-11,United Kingdom,21807532
2022-04-12,United Kingdom,21846115
2022-04-13,United Kingdom,21883579
2022-04-14,United Kingdom,21916961
2022-04-15,United Kingdom,21916961
2022-04-16,United Kingdom,21916961
